   2010.4626967830252       -1.1119556669035489     
   2010.4654346338125       -1.1123160686901732     
   2010.4681724845996       -1.1127488860562482     
   2010.4709103353866       -1.1131828999899298     
   2010.4736481861737       -1.1040295048946933     
   2010.4763860369610       -1.1044903123775112     
   2010.4791238877481       -1.1049525220246184     
   2010.4818617385351       -1.1043226476369372     
   2010.4845995893222       -1.1080254043329614     
   2010.4873374401095       -1.1078844397680188     
   2010.4900752908966       -1.1083601789062598     
   2010.4928131416837       -1.1088370077131122     
   2010.4955509924710       -1.1110946160776876     
   2010.4982888432580       -1.1115736692850433     
   2010.5010266940451       -1.1120535380809056     
   2010.5037645448322       -1.1125341670883948     
   2010.5065023956195       -1.1130155013244216     
   2010.5092402464065       -1.1134974862448952     
   2010.5119780971936       -1.1134345908616226     
   2010.5147159479807       -1.1139165377215461     
   2010.5174537987680       -1.1143990046738064     
   2010.5201916495550       -1.1137530030564782     
   2010.5229295003421       -1.1142344593656546     
   2010.5256673511292       -1.1147163454233664     
   2010.5284052019165       -1.1157031775230635     
   2010.5311430527036       -1.1161863189677192     
   2010.5338809034906       -1.0897893872561208     
   2010.5366187542779       -1.0902371112427702     
   2010.5393566050650       -1.0906864895462267     
   2010.5420944558521       -1.0911374732722816     
   2010.5448323066391       -1.0915900136995844     
   2010.5475701574264       -1.0920440622922365     
   2010.5503080082135       -1.0924995707119012     
   2010.5530458590006       -1.0929564908294838     
   2010.5557837097876       -1.0934147747364154     
   2010.5585215605749       -1.0836814840186708     
   2010.5612594113620       -1.0841457526333562     
   2010.5639972621491       -1.0846722776472837     
   2010.5667351129364       -1.0824436052295834     
   2010.5694729637235       -1.0829132959966454     
   2010.5722108145105       -1.0833847856296019     
   2010.5749486652976       -1.0838580210265465     
   2010.5776865160849       -1.0843329492545655     
   2010.5804243668720       -1.0855143770354680     
   2010.5831622176590       -1.0859953484621601     
   2010.5859000684461       -1.0422292911316264     
   2010.5886379192334       -1.0425726957702577     
   2010.5913757700205       -1.0431923488081405     
   2010.5941136208075       -1.0435418176571993     
   2010.5968514715946       -1.0388677169818357     
   2010.5995893223819       -1.0299095040260773     
   2010.6023271731690       -1.0438106426609108     
   2010.6050650239561       -1.0442044506215238     
   2010.6078028747434       -1.0404273601184661     
   2010.6105407255304       -1.0408264849845661     
   2010.6132785763175       -1.0412289817793747     
   2010.6160164271046       -1.0416348037062866     
   2010.6187542778919       -1.0420439036776141     
   2010.6214921286789       -1.0424562343328589     
   2010.6242299794660       -1.0428717480569243     
   2010.6269678302531       -1.0440897637659616     
   2010.6297056810404       -1.0445147396911199     
   2010.6324435318274       -1.0449427257895114     
   2010.6351813826145       -1.0453736730969938     
   2010.6379192334018       -1.0458075324935507     
   2010.6406570841889       -1.0462442547210102     
   2010.6433949349760       -1.0466837904005850     
   2010.6461327857630       -1.0471260900502188     
   2010.6488706365503       -1.0475711041017168     
   2010.6516084873374       -1.0480187829176493     
   2010.6543463381245       -1.0484690768079972     
   2010.6570841889115       -1.0489219360465327     
   2010.6598220396988       -1.0493773108869044     
   2010.6625598904859       -1.0498351515784230     
   2010.6652977412730       -1.0502954083815281     
   2010.6680355920601       -1.0441360661360259     
   2010.6707734428473       -1.0441979743692378     
   2010.6735112936344       -1.0446791295860232     
   2010.6762491444215       -1.0444199376264236     
   2010.6789869952088       -1.0445999162399715     
   2010.6817248459959       -1.0457259533083711     
   2010.6844626967829       -1.0462187338735633     
   2010.6872005475700       -1.0467137809155413     
   2010.6899383983573       -1.0472110526541984     
   2010.6926762491444       -1.0473900658648945     
   2010.6954140999314       -1.0481503763343645     
   2010.6981519507185       -1.0486555164121998     
   2010.7008898015058       -1.0492073054503521     
   2010.7036276522929       -1.0497166065213994     
   2010.7063655030800       -1.0502278016176629     
   2010.7091033538672       -1.0507408365166868     
   2010.7118412046543       -1.0719634509377267     
   2010.7145790554414       -1.0725013357766762     
   2010.7173169062285       -1.0730397759578738     
   2010.7200547570158       -1.0735787209897725     
   2010.7227926078028       -1.0741181209938644     
   2010.7255304585899       -1.0519473798575332     
   2010.7282683093770       -1.0525668387884093     
   2010.7310061601643       -1.0531870315262510     
   2010.7337440109513       -1.0538078934447479     
   2010.7364818617384       -1.0544293608318580     
   2010.7392197125257       -1.0550513708912972     
   2010.7419575633128       -1.0289586829494528     
   2010.7446954140999       -1.0295723647075268     
   2010.7474332648869       -1.0298402911728428     
   2010.7501711156742       -1.0304564285175659     
   2010.7529089664613       -1.0310743376214029     
   2010.7556468172484       -1.0296433075082765     
   2010.7583846680354       -1.0302660845436731     
   2010.7611225188227       -1.0306241561398395     
   2010.7638603696098       -1.0312171474299294     
   2010.7665982203969       -1.0318458537702540     
   2010.7693360711839       -1.0324760517552245     
   2010.7720739219712       -1.0331076764738607     
   2010.7748117727583       -1.0337406636021311     
   2010.7775496235454       -1.0343749494104753     
   2010.7802874743327       -1.0350104707709262     
   2010.7830253251198       -1.0356471651638497     
   2010.7857631759068       -1.0362849706842989     
   2010.7885010266939       -1.0367594525046733     
   2010.7912388774812       -1.0373991719829743     
   2010.7939767282683       -1.0380398304421612     
   2010.7967145790553       -1.0387297383556926     
   2010.7994524298424       -1.0325464309186640     
   2010.8021902806297       -1.0331725567491690     
   2010.8049281314168       -1.0337997412248323     
   2010.8076659822038       -1.0344279294927268     
   2010.8104038329911       -1.0332552638387167     
   2010.8131416837782       -1.0338789102482293     
   2010.8158795345653       -1.0345034752117124     
   2010.8186173853524       -1.0351289069925975     
   2010.8213552361397       -1.0357551543690706     
   2010.8240930869267       -1.0363821666361344     
   2010.8268309377138       -1.0451608577099587     
   2010.8295687885009       -1.0457513235036848     
   2010.8323066392882       -1.0463874733700718     
   2010.8350444900752       -1.0470237123585098     
   2010.8377823408623       -1.0476599939382067     
   2010.8405201916494       -1.0325403128166299     
   2010.8432580424367       -1.0332608728463790     
   2010.8459958932237       -1.0339809343778774     
   2010.8487337440108       -1.0347004524190582     
   2010.8514715947981       -1.0354193827415141     
   2010.8542094455852       -1.0355416241705218     
   2010.8569472963723       -1.0362566276866612     
   2010.8596851471593       -1.0369709334078214     
   2010.8624229979466       -1.0580988167747174     
   2010.8651608487337       -1.0588221659816508     
   2010.8678986995208       -1.0595435558371009     
   2010.8706365503078       -1.0602629532969010     
   2010.8733744010951       -1.0609803263018214     
   2010.8761122518822       -1.0618944395582572     
   2010.8788501026693       -1.0626080678565788     
   2010.8815879534566       -1.0633400087283631     
   2010.8843258042436       -1.0640494736128336     
   2010.8870636550307       -1.0515770914785385     
   2010.8898015058178       -1.0522242777568125     
   2010.8925393566051       -1.0528696340547963     
   2010.8952772073922       -1.0533994586612558     
   2010.8980150581792       -1.0540403354477181     
   2010.9007529089663       -1.0534440717188844     
   2010.9034907597536       -1.0540767795871551     
   2010.9062286105407       -1.0547076354542049     
   2010.9089664613277       -1.0553366276819154     
   2010.9117043121148       -1.0559637452536532     
   2010.9144421629021       -1.0566594364843891     
   2010.9171800136892       -1.0572826604906767     
   2010.9199178644762       -1.0602898430328827     
   2010.9226557152635       -1.0609202182955004     
   2010.9253935660506       -1.0616364092414379     
   2010.9281314168377       -1.0622623553803576     
   2010.9308692676248       -1.0628862958598431     
   2010.9336071184121       -1.0529311761494009     
   2010.9363449691991       -1.0535924023420189     
   2010.9390828199862       -1.0408070886594127     
   2010.9418206707733       -1.0412329432782603     
   2010.9445585215606       -1.0418421776323847     
   2010.9472963723476       -1.0424500597938200     
   2010.9500342231347       -1.0430565830253760     
   2010.9527720739220       -1.0436617409607041     
   2010.9555099247091       -1.0442655275878594     
   2010.9582477754961       -1.0448679372333549     
   2010.9609856262832       -1.0397183114122606     
   2010.9637234770705       -1.0403128395460080     
   2010.9664613278576       -1.0409063095221140     
   2010.9691991786447       -1.0414987158363940     
   2010.9719370294317       -1.0420900531537196     
   2010.9746748802190       -1.0433321610031927     
   2010.9774127310061       -1.0439259197440536     
   2010.9801505817932       -1.0444435887844969     
   2010.9828884325805       -1.0450352578669269     
   2010.9856262833675       -1.0462551789640007     
   2010.9883641341546       -1.0468448566771071     
   2010.9911019849417       -1.0463446173973001     
   2010.9938398357290       -1.0469267828356819     
   2010.9965776865160       -1.0475078472763157     
   2010.9993155373031       -1.0480878073439421     
   2011.0020533880902       -1.0471344754833676     
   2011.0047912388775       -1.0457619572724242     
   2011.0075290896646       -1.0463511583899581     
   2011.0102669404516       -1.0476492158600164     
   2011.0130047912387       -1.0482391943729348     
   2011.0157426420260       -1.0488280737559204     
   2011.0184804928131       -1.0494158479925553     
   2011.0212183436001       -1.0476369339639910     
   2011.0239561943874       -1.0489575580741082     
   2011.0266940451745       -1.0495448297689089     
   2011.0294318959616       -1.0501310764353868     
   2011.0321697467487       -1.0507162908246550     
   2011.0349075975359       -1.0544213303545549     
   2011.0376454483230       -1.0550039079911415     
   2011.0403832991101       -1.0555852516220225     
   2011.0431211498972       -1.0561653556662165     
   2011.0458590006845       -1.0567442146087467     
   2011.0485968514715       -1.0552325088969980     
   2011.0513347022586       -1.0558145690267409     
   2011.0540725530459       -1.0563954392385357     
   2011.0568104038330       -1.0569751123473987     
   2011.0595482546200       -1.0575535812416350     
   2011.0622861054071       -1.0580614049364656     
   2011.0650239561944       -1.0262973287097985     
   2011.0677618069815       -1.0268611743347296     
   2011.0704996577686       -1.0274256567235425     
   2011.0732375085556       -1.0279907581531891     
   2011.0759753593429       -1.0287296473749601     
   2011.0787132101300       -1.0292969613594671     
   2011.0814510609171       -1.0298648385494287     
   2011.0841889117041       -1.0304332595974559     
   2011.0869267624914       -1.0305129129795159     
   2011.0896646132785       -1.0212482940457992     
   2011.0924024640656       -1.0218103189919010     
   2011.0951403148529       -1.0214226414781704     
   2011.0978781656399       -1.0219851114188003     
   2011.1006160164270       -1.0225486525801279     
   2011.1033538672141       -1.0231132410342161     
   2011.1060917180014       -1.0236788524319533     
   2011.1088295687885       -1.0243996005755438     
   2011.1115674195755       -1.0282747047801131     
   2011.1143052703626       -1.0286563595318352     
   2011.1170431211499       -1.0292375995602965     
   2011.1197809719370       -1.0297624239024969     
   2011.1225188227240       -1.0279841203197706     
   2011.1252566735113       -1.0104534418729745     
   2011.1279945242984       -1.0110156634611664     
   2011.1307323750855       -1.0115797263498312     
   2011.1334702258725       -1.0121455986683956     
   2011.1362080766598       -1.0127132480054568     
   2011.1389459274469       -1.0027692713962761     
   2011.1416837782340       -1.0032933483742554     
   2011.1444216290211       -1.0038194035078800     
   2011.1471594798084       -1.0031955049814172     
   2011.1498973305954       -1.0037212037561714     
   2011.1526351813825       -1.0042488441311379     
   2011.1553730321696       -1.0047783979271740     
   2011.1581108829569       -1.0053098365018873     
   2011.1608487337439       -1.0175121395771076     
   2011.1635865845310       -1.0180789015751261     
   2011.1663244353183       -1.0186468666499660     
   2011.1690622861054       -1.0192160003687334     
   2011.1718001368924       -1.0180122017455377     
   2011.1745379876795       -1.0185534514661545     
   2011.1772758384668       -1.1174378455393106     
   2011.1800136892539       -1.1166109900956511     
   2011.1827515400410       -1.1243650049894987     
   2011.1854893908280       -1.1247826604456508     
   2011.1882272416153       -1.1311407172832213     
   2011.1909650924024       -1.1315877940094470     
   2011.1937029431895       -1.1320311074766503     
   2011.1964407939768       -1.1109557343365912     
   2011.1991786447638       -1.1112591580620688     
   2011.2019164955509       -1.1116534937455109     
   2011.2046543463380       -1.1120454137698936     
   2011.2073921971253       -1.1124349592494311     
   2011.2101300479123       -1.1085656391400129     
   2011.2128678986994       -1.1086670089343489     
   2011.2156057494865       -1.1090638078370332     
   2011.2183436002738       -1.1078147479639340     
   2011.2210814510609       -1.1082075729320315     
   2011.2238193018479       -1.1085984671799118     
   2011.2265571526352       -1.1089874637794406     
   2011.2292950034223       -1.1093976166841641     
   2011.2320328542094       -1.1097830537326887     
   2011.2347707049964       -1.1062011373836835     
   2011.2375085557837       -1.0667406400073349     
   2011.2402464065708       -1.0658569505909572     
   2011.2429842573579       -1.0661199973339528     
   2011.2457221081449       -1.0663835000966837     
   2011.2484599589322       -1.0632952294798399     
   2011.2511978097193       -1.0636035738522429     
   2011.2539356605064       -1.0638566926816742     
   2011.2566735112935       -1.0641105532656123     
   2011.2594113620808       -1.0643651922618464     
   2011.2621492128678       -1.0645686582915843     
   2011.2648870636549       -1.0648250167659858     
   2011.2676249144422       -1.0623210183815168     
   2011.2703627652293       -1.0618869643763276     
   2011.2731006160163       -1.0621436550499794     
   2011.2758384668034       -1.0624015148701882     
   2011.2785763175907       -1.0240197506026703     
   2011.2813141683778       -1.0242392910588303     
   2011.2840520191648       -1.0244622977799733     
   2011.2867898699519       -1.0232488741546006     
   2011.2895277207392       -1.0101703467086240     
   2011.2922655715263       -1.0103499102606766     
   2011.2950034223134       -1.0102002946145057     
   2011.2977412731007       -1.0103874042792760     
   2011.3004791238877      -0.99969245252325989     
   2011.3032169746748      -0.99984613685625279     
   2011.3059548254619      -0.99938358087511248     
   2011.3086926762492      -0.99954712256177147     
   2011.3114305270362      -0.95009186364422049     
   2011.3141683778233      -0.95021627321201541     
   2011.3169062286104      -0.95034780394540042     
   2011.3196440793977      -0.95034135786929852     
   2011.3223819301847      -0.95048656351715355     
   2011.3251197809718      -0.95057772050253631     
   2011.3278576317589      -0.95073743909863884     
   2011.3305954825462      -0.94943869500993328     
   2011.3333333333333      -0.94960747456707428     
   2011.3360711841203      -0.94357617800680493     
   2011.3388090349076      -0.94506992170740922     
   2011.3415468856947      -0.94524839178306819     
   2011.3442847364818      -0.92747669796452437     
   2011.3470225872688      -0.92785639753911342     
   2011.3497604380561      -0.92712192203614974     
   2011.3524982888432      -0.92636568468834202     
   2011.3552361396303      -0.92643879662216677     
   2011.3579739904173      -0.92663721321492010     
   2011.3607118412046      -0.92684386294698673     
   2011.3634496919917      -0.92553590940816521     
   2011.3661875427788      -0.92575263725775137     
   2011.3689253935661      -0.92474902982173968     
   2011.3716632443532      -0.91206759978588536     
   2011.3744010951402      -0.91223657762909172     
   2011.3771389459273      -0.90979648661377710     
   2011.3798767967146      -0.90998377570223010     
   2011.3826146475017      -0.91017941124498980     
   2011.3853524982887      -0.91038335456368036     
   2011.3880903490758      -0.91281259559126937     
   2011.3908281998631      -0.91219628169906652     
   2011.3935660506502      -0.91336384998118891     
   2011.3963039014372      -0.91360994611857205     
   2011.3990417522243      -0.91377471262823307     
   2011.4017796030116      -0.91248851515276264     
   2011.4045174537987      -0.91275294905770643     
   2011.4072553045858      -0.91414957355372362     
   2011.4099931553731      -0.91443106952424491     
   2011.4127310061601      -0.91091823535468419     
   2011.4154688569472      -0.91120346301606914     
   2011.4182067077343      -0.89936398286266095     
   2011.4209445585216      -0.89965740060582966     
   2011.4236824093086      -0.89995922745459467     
   2011.4264202600957      -0.88494279786985020     
   2011.4291581108828      -0.88523683495844896     
   2011.4318959616701      -0.86595443238576664     
   2011.4346338124572      -0.86616172733906804     
   2011.4373716632442      -0.86637819404771799     
   2011.4401095140315      -0.86660377505984421     
   2011.4428473648186      -0.86683841146225538     
   2011.4455852156057      -0.86708204292008562     
   2011.4483230663927      -0.86733460772677506     
   2011.4510609171800      -0.86759604285596059     
   2011.4537987679671      -0.86786628401322208     
   2011.4565366187542      -0.85819947437794797     
   2011.4592744695412      -0.85845099154278293     
   2011.4620123203285      -0.85871151805281887     
   2011.4647501711156      -0.85898099048288257     
   2011.4674880219027      -0.82319541849643940     
   2011.4702258726900      -0.82338081675644692     
   2011.4729637234771      -0.82328415785287379     
   2011.4757015742641      -0.82348959882812589     
   2011.4784394250512      -0.82369274219368149     
   2011.4811772758385      -0.82391876372357242     
   2011.4839151266256      -0.82495494224320276     
   2011.4866529774126      -0.82520261592572808     
   2011.4893908281997      -0.82546033083638592     
   2011.4921286789870      -0.82572802236976628     
   2011.4948665297741      -0.81939543976234785     
   2011.4976043805611      -0.81966518464443805     
   2011.5003422313482      -0.81994504165258897     
   2011.5030800821355      -0.82957196563677871     
   2011.5058179329226      -0.83098543161070038     
   2011.5085557837097      -0.83132343688895627     
   2011.5112936344970      -0.83167075695322656     
   2011.5140314852840      -0.83202731573905664     
   2011.5167693360711      -0.83237018561768750     
   2011.5195071868582      -0.83186850269249946     
   2011.5222450376455      -0.83224907413488847     
   2011.5249828884325      -0.82966532771585177     
   2011.5277207392196      -0.83005779714626104     
   2011.5304585900067      -0.83045922564718677     
   2011.5331964407940      -0.82898257445728252     
   2011.5359342915810      -0.82940548624333921     
   2011.5386721423681      -0.82983719220404906     
   2011.5414099931554      -0.78492019436161475     
   2011.5441478439425      -0.78530095007297551     
   2011.5468856947296      -0.78619243635645886     
   2011.5496235455166      -0.78659833343168428     
   2011.5523613963039      -0.78088578684481402     
   2011.5550992470910      -0.77550373318638899     
   2011.5578370978781      -0.77595183472205609     
   2011.5605749486651      -0.77641120799549845     
   2011.5633127994524      -0.77693588584977213     
   2011.5660506502395      -0.77741789204812639     
   2011.5687885010266      -0.77791086119635477     
   2011.5715263518136      -0.77968438348934077     
   2011.5742642026009      -0.78019376941792806     
   2011.5770020533880      -0.78594289769696168     
   2011.5797399041751      -0.78648065844600756     
   2011.5824777549624      -0.78702853627342451     
   2011.5852156057495      -0.77393546820319892     
   2011.5879534565365      -0.77446121552960046     
   2011.5906913073236      -0.77499739445265303     
   2011.5934291581109      -0.77554389861012019     
   2011.5961670088980      -0.77610062071638630     
   2011.5989048596850      -0.77115511691045602     
   2011.6016427104721      -0.77148450443501204     
   2011.6043805612594      -0.76803536153633545     
   2011.6071184120465      -0.76861015452861103     
   2011.6098562628335      -0.76665146229356940     
   2011.6125941136208      -0.76724621046764052     
   2011.6153319644079      -0.76785107749538162     
   2011.6180698151950      -0.76834487045848443     
   2011.6208076659821      -0.76885263709094354     
   2011.6235455167694      -0.76948645617542299     
   2011.6262833675564      -0.77012995097272940     
   2011.6290212183435      -0.77106857316005128     
   2011.6317590691306      -0.77173167982998658     
   2011.6344969199179      -0.77240409928522324     
   2011.6372347707049      -0.77308571468007692     
   2011.6399726214920      -0.75817496439475651     
   2011.6427104722793      -0.74697302948243682     
   2011.6454483230664      -0.74763997253938497     
   2011.6481861738534      -0.74831714973192054     
   2011.6509240246405      -0.74900444226559981     
   2011.6536618754278      -0.74825896398933323     
   2011.6563997262149      -0.74895651249057438     
   2011.6591375770020      -0.74966379298602537     
   2011.6618754277890      -0.75057564884711414     
   2011.6646132785763      -0.75119756970962126     
   2011.6673511293634      -0.76963778772970715     
   2011.6700889801505      -0.76777714617372594     
   2011.6728268309375      -0.76854617175004858     
   2011.6755646817248      -0.76932330145833339     
   2011.6783025325119      -0.77907755950503588     
   2011.6810403832990      -0.77989014813810198     
   2011.6837782340863      -0.76577142110613883     
   2011.6865160848733      -0.76665229272611568     
   2011.6892539356604      -0.76754043825283902     
   2011.6919917864475      -0.76843572292758766     
   2011.6947296372348      -0.76933801251792955     
   2011.6974674880219      -0.77024717334286308     
   2011.7002053388089      -0.76499340072032740     
   2011.7029431895960      -0.76589373025634799     
   2011.7056810403833      -0.78214409277296959     
   2011.7084188911704      -0.78199310836310465     
   2011.7111567419574      -0.78598051539293001     
   2011.7138945927447      -0.78878338688607563     
   2011.7166324435318      -0.76448626046380064     
   2011.7193702943189      -0.76999676722846366     
   2011.7221081451059      -0.77096107048240381     
   2011.7248459958932      -0.77120602240519487     
   2011.7275838466803      -0.77218025049832184     
   2011.7303216974674      -0.77316035828869822     
   2011.7330595482545      -0.83520443332768557     
   2011.7357973990418      -0.81957319363018344     
   2011.7385352498288      -0.78455180371398159     
   2011.7412731006159      -0.78550902118325217     
   2011.7440109514030      -0.78646972247468772     
   2011.7467488021903      -0.78743380109262107     
   2011.7494866529773      -0.78840115205150840     
   2011.7522245037644      -0.79763385776248008     
   2011.7549623545517      -0.79865049850562142     
   2011.7577002053388      -0.78759583920093235     
   2011.7604380561258      -0.78052010191364896     
   2011.7631759069129      -0.78148966217134141     
   2011.7659137577002      -0.77262730047257366     
   2011.7686516084873      -0.77361527488523574     
   2011.7713894592744      -0.77460698893703106     
   2011.7741273100614      -0.77524854526307996     
   2011.7768651608487      -0.77624585202636398     
   2011.7796030116358      -0.77104753818707483     
   2011.7823408624229      -0.77202871167436193     
   2011.7850787132102      -0.76744168021833925     
   2011.7878165639972      -0.76850640459087594     
   2011.7905544147843      -0.76947094266848393     
   2011.7932922655714      -0.75998678747286486     
   2011.7960301163587      -0.75740273591467111     
   2011.7987679671457      -0.75575209304545965     
   2011.8015058179328      -0.75671841696187381     
   2011.8042436687199      -0.74215221789833574     
   2011.8069815195072      -0.74317213553106509     
   2011.8097193702943      -0.72868174928651541     
   2011.8124572210813      -0.69962384501781283     
   2011.8151950718684      -0.70052219957676853     
   2011.8179329226557      -0.70005296154914021     
   2011.8206707734428      -0.70095404634183156     
   2011.8234086242298      -0.70186067872499502     
   2011.8261464750171      -0.68060291448272792     
   2011.8288843258042      -0.68138280106493976     
   2011.8316221765913      -0.68115094511585128     
   2011.8343600273784      -0.68349835802941450     
   2011.8370978781657      -0.68429950233731573     
   2011.8398357289527      -0.68510564510385985     
   2011.8425735797398      -0.65578722603560813     
   2011.8453114305269      -0.65651665364707601     
   2011.8480492813142      -0.65725224279137495     
   2011.8507871321012      -0.63179679487017049     
   2011.8535249828883      -0.63592051340129241     
   2011.8562628336756      -0.63660675246227461     
   2011.8590006844627      -0.63997549535678733     
   2011.8617385352497      -0.62412604828957363     
   2011.8644763860368      -0.62479434128230360     
   2011.8672142368241      -0.62547020805122999     
   2011.8699520876112      -0.62445880481936133     
   2011.8726899383983      -0.62119534007397781     
   2011.8754277891853      -0.62082249146979729     
   2011.8781656399726      -0.62151155969061378     
   2011.8809034907597      -0.62220822563112943     
   2011.8836413415468      -0.57341603343820302     
   2011.8863791923341      -0.56298317307238832     
   2011.8891170431211      -0.56367910717495739     
   2011.8918548939082      -0.56438558516015847     
   2011.8945927446953      -0.53367264738843256     
   2011.8973305954826      -0.53428296707783485     
   2011.9000684462696      -0.53490487807734954     
   2011.9028062970567      -0.53584021946046767     
   2011.9055441478438      -0.53648590978255939     
   2011.9082819986311      -0.53714300627046130     
   2011.9110198494182      -0.50740140061729866     
   2011.9137577002052      -0.50805594323335079     
   2011.9164955509923      -0.50872343882227267     
   2011.9192334017796      -0.50279298209482515     
   2011.9219712525667      -0.48948864428288358     
   2011.9247091033537      -0.49009161915136268     
   2011.9274469541410      -0.52180102343714896     
   2011.9301848049281      -0.52577137497775450     
   2011.9329226557152      -0.52515090117303764     
   2011.9356605065022      -0.55235969235000126     
   2011.9383983572895      -0.55193525750462402     
   2011.9411362080766      -0.55291266326657440     
   2011.9438740588637      -0.55946152880773581     
   2011.9466119096508      -0.56283957928245543     
   2011.9493497604381      -0.56364374952938767     
   2011.9520876112251      -0.56445634515902010     
   2011.9548254620122      -0.56527728067049843     
   2011.9575633127995      -0.56610647024746241     
   2011.9603011635866      -0.51179917967071076     
   2011.9630390143736      -0.51259565664161522     
   2011.9657768651607      -0.51340328168289184     
   2011.9685147159480      -0.51422195794224135     
   2011.9712525667351      -0.51505158735830925     
   2011.9739904175221      -0.51589207067184872     
   2011.9767282683092      -0.51674330743977248     
   2011.9794661190965      -0.51760519605274857     
   2011.9822039698836      -0.50601152098136737     
   2011.9849418206707      -0.50684188584650869     
   2011.9876796714577      -0.50594054773385111     
   2011.9904175222450      -0.50679153712578739     
   2011.9931553730321      -0.50445905993549844     
   2011.9958932238192      -0.50532518313801567     
   2011.9986310746065      -0.50620193374885347     
   2012.0013689253935      -0.50708920894777654     
   2012.0041067761806      -0.50798690480832054     
   2012.0068446269677      -0.50889491633535289     
   2012.0095824777550      -0.51983563284609646     
   2012.0123203285420      -0.52076286276995609     
   2012.0150581793291      -0.52102658584851569     
   2012.0177960301162      -0.51814645113689350     
   2012.0205338809035      -0.52147678889466442     
   2012.0232717316906      -0.52242044171786572     
   2012.0260095824776      -0.51367072827316762     
   2012.0287474332649      -0.50946262957338861     
   2012.0314852840520      -0.50084561440680075     
   2012.0342231348391      -0.51670924744016333     
   2012.0369609856261      -0.51763350645167416     
   2012.0396988364134      -0.51523274354083970     
   2012.0424366872005      -0.51615746058409651     
   2012.0451745379876      -0.51722987654346619     
   2012.0479123887746      -0.51677295550278579     
   2012.0506502395619      -0.51772300796071957     
   2012.0533880903490      -0.51868123892647833     
   2012.0561259411361      -0.46732590978572652     
   2012.0588637919232      -0.46830080935067298     
   2012.0616016427105      -0.46928657376257910     
   2012.0643394934975      -0.46838807365937912     
   2012.0670773442846      -0.46938920052044864     
   2012.0698151950719      -0.45454009012002883     
   2012.0725530458590      -0.45560322797222896     
   2012.0752908966460      -0.45654109943631338     
   2012.0780287474331      -0.45748919884960593     
   2012.0807665982204      -0.45844741152895480     
   2012.0835044490075      -0.45281083776237063     
   2012.0862422997945      -0.45332755823141241     
   2012.0889801505816      -0.45404681111325018     
   2012.0917180013689      -0.46777678724087673     
   2012.0944558521560      -0.46883860871345184     
   2012.0971937029431      -0.46988135116681734     
   2012.0999315537304      -0.47096110629472177     
   2012.1026694045174      -0.47204973605375311     
   2012.1054072553045      -0.47314710970546126     
   2012.1081451060916      -0.47425309638895952     
   2012.1108829568789      -0.47536756517939072     
   2012.1136208076659      -0.47354300228981649     
   2012.1163586584530      -0.45567246265685085     
   2012.1190965092401      -0.45675776586002670     
   2012.1218343600274      -0.44576506164719082     
   2012.1245722108144      -0.44685595177236137     
   2012.1273100616015      -0.44795631652705026     
   2012.1300479123888      -0.44784812361864884     
   2012.1327857631759      -0.44264100242634891     
   2012.1355236139630      -0.44376583703341521     
   2012.1382614647500      -0.44491447047411581     
   2012.1409993155373      -0.44605786978109180     
   2012.1437371663244      -0.44665187380740190     
   2012.1464750171115      -0.46343088239569685     
   2012.1492128678985      -0.46465169589628919     
   2012.1519507186858      -0.46626319215857448     
   2012.1546885694729      -0.46750120366935810     
   2012.1574264202600      -0.46874693463046824     
   2012.1601642710471      -0.47146023975382123     
   2012.1629021218343      -0.47310377772506446     
   2012.1656399726214      -0.47438183450261573     
   2012.1683778234085      -0.47566703038543978     
   2012.1711156741958      -0.47695922534844942     
   2012.1738535249829      -0.47784128073200172     
   2012.1765913757699      -0.47914635194957261     
   2012.1793292265570      -0.48081367296084321     
   2012.1820670773443      -0.46981853200892154     
   2012.1848049281314      -0.46195545459005039     
   2012.1875427789184      -0.46323451262900445     
   2012.1902806297055      -0.46115543630599842     
   2012.1930184804928      -0.46245841571292340     
   2012.1957563312799      -0.46376843442172133     
   2012.1984941820670      -0.46508535885142233     
   2012.2012320328543      -0.46961865424890714     
   2012.2039698836413      -0.47096136352409662     
   2012.2067077344284      -0.47225506521339683     
   2012.2094455852155      -0.47361022579800349     
   2012.2121834360028      -0.47536227329738279     
   2012.2149212867898      -0.47077958941121184     
   2012.2176591375769      -0.45802515815808298     
   2012.2203969883640      -0.45638585229208500     
   2012.2231348391513      -0.45776091681636427     
   2012.2258726899383      -0.45914262333577061     
   2012.2286105407254      -0.45828381945186514     
   2012.2313483915125      -0.45807755435131764     
   2012.2340862422998      -0.45948627193015745     
   2012.2368240930869      -0.46804246461173821     
   2012.2395619438739      -0.46948879797229964     
   2012.2422997946612      -0.47894166590847448     
   2012.2450376454483      -0.48042845565615211     
   2012.2477754962354      -0.48192029577637158     
   2012.2505133470224      -0.48385839041093370     
   2012.2532511978097      -0.48536077825619406     
   2012.2559890485968      -0.48686775614835909     
   2012.2587268993839      -0.48837918042800144     
   2012.2614647501709      -0.48989490830592364     
   2012.2642026009582      -0.47293414738296835     
   2012.2669404517453      -0.47438907663020768     
   2012.2696783025324      -0.47584860230238424     
   2012.2724161533197      -0.47731259553359895     
   2012.2751540041068      -0.47878092821093254     
   2012.2778918548938      -0.48025347299179200     
   2012.2806297056809      -0.48173010332065636     
   2012.2833675564682      -0.48279218416177061     
   2012.2861054072553      -0.48193675259749574     
   2012.2888432580423      -0.48757231763648429     
   2012.2915811088294      -0.49219944973514657     
   2012.2943189596167      -0.49355734438688559     
   2012.2970568104038      -0.49507190570210469     
   2012.2997946611908      -0.49661518961754586     
   2012.3025325119779      -0.48789989124853184     
   2012.3052703627652      -0.49814326915733270     
   2012.3080082135523      -0.44671573381835095     
   2012.3107460643394      -0.46151076481485598     
   2012.3134839151267      -0.46329372715748635     
   2012.3162217659137      -0.46481095293417724     
   2012.3189596167008      -0.46205075418281127     
   2012.3216974674879      -0.46355423790587796     
   2012.3244353182752      -0.46452584856304979     
   2012.3271731690622      -0.46516571380995281     
   2012.3299110198493      -0.46667854044214502     
   2012.3326488706364      -0.46690866736766296     
   2012.3353867214237      -0.46841822088540208     
   2012.3381245722107      -0.44876324663090572     
   2012.3408624229978      -0.44930370156642435     
   2012.3436002737851      -0.45083658545086280     
   2012.3463381245722      -0.44708450614851714     
   2012.3490759753593      -0.44861009080975350     
   2012.3518138261463      -0.45014054622185051     
   2012.3545516769336      -0.45167575304709284     
   2012.3572895277207      -0.45321559215833002     
   2012.3600273785078      -0.46719022222528372     
   2012.3627652292948      -0.46880848924764201     
   2012.3655030800821      -0.47038427961792523     
   2012.3682409308692      -0.47201041798802690     
   2012.3709787816563      -0.47229502233989218     
   2012.3737166324436      -0.47392086827631358     
   2012.3764544832306      -0.47503840349351212     
   2012.3791923340177      -0.47667236386459882     
   2012.3819301848048      -0.47598174742936511     
   2012.3846680355921      -0.47761327416612298     
   2012.3874058863792      -0.48248724952400568     
   2012.3901437371662      -0.48332879165355053     
   2012.3928815879533      -0.48496810615200842     
   2012.3956194387406      -0.48661016221650533     
   2012.3983572895277      -0.49265914867117999     
   2012.4010951403147      -0.50392533678939999     
   2012.4038329911018      -0.50561108881004069     
   2012.4065708418891      -0.50448956767036579     
   2012.4093086926762      -0.50616377794593947     
   2012.4120465434632      -0.50498061821465512     
   2012.4147843942505      -0.50611402189306198     
   2012.4175222450376      -0.50777826813934057     
   2012.4202600958247      -0.50858998280892043     
   2012.4229979466118      -0.51095859164792623     
   2012.4257357973991      -0.51262387878598314     
   2012.4284736481861      -0.51214359797989506     
   2012.4312114989732      -0.50649124822207325     
   2012.4339493497603      -0.50960376443993283     
   2012.4366872005476      -0.51122827363616552     
   2012.4394250513346      -0.51285332146768370     
   2012.4421629021217      -0.51447881106273885     
   2012.4449007529090      -0.51619109082927084     
   2012.4476386036961      -0.51772476969582382     
   2012.4503764544831      -0.51935057951679009     
   2012.4531143052702      -0.52097644720443159     
   2012.4558521560575      -0.54597425997954774     
   2012.4585900068446      -0.46637425841100555     
   2012.4613278576317      -0.46821435777576154     
   2012.4640657084187      -0.47005696010922615     
   2012.4668035592060      -0.47190190315894831     
   2012.4695414099931      -0.47326983106475967     
   2012.4722792607802      -0.47511732587068101     
   2012.4750171115672      -0.47634315681604289     
   2012.4777549623545      -0.47819194725289099     
   2012.4804928131416      -0.48004233376261585     
   2012.4832306639287      -0.48309197182963026     
   2012.4859685147160      -0.48494713639620229     
   2012.4887063655030      -0.48680337308613825     
   2012.4914442162901      -0.47791493234686133     
   2012.4941820670772      -0.47974200821337815     
   2012.4969199178645      -0.48107890507716178     
   2012.4996577686516      -0.48290483581909516     
   2012.5023956194386      -0.47526178259860191     
   2012.5051334702257      -0.47706496995678044     
   2012.5078713210130      -0.47886924993015245     
   2012.5106091718001      -0.48067449178740068     
   2012.5133470225871      -0.48248056614937451     
   2012.5160848733744      -0.42735316364240478     
   2012.5188227241615      -0.42871632332437576     
   2012.5215605749486      -0.43035290972617074     
   2012.5242984257357      -0.43199248717993716     
   2012.5270362765229      -0.49591349626973930     
   2012.5297741273100      -0.49768506313665295     
   2012.5325119780971      -0.49764425173762172     
   2012.5352498288842      -0.49940540187297200     
   2012.5379876796715      -0.50116571825148792     
   2012.5407255304585      -0.50292509753397208     
   2012.5434633812456      -0.50466225811719490     
   2012.5462012320327      -0.50641951272131180     
   2012.5489390828200      -0.50817553070072696     
   2012.5516769336070      -0.50993021514129189     
   2012.5544147843941      -0.51767107502627852     
   2012.5571526351814      -0.52015148710151371     
   2012.5598904859685      -0.52191321541443969     
   2012.5626283367556      -0.52367285731870927     
   2012.5653661875426      -0.52543032324682359     
   2012.5681040383299      -0.52717408420458001     
   2012.5708418891170      -0.52892692720289280     
   2012.5735797399041      -0.53067733610316725     
   2012.5763175906911      -0.53217427736931022     
   2012.5790554414784      -0.53391862410248736     
   2012.5817932922655      -0.37116693805243089     
   2012.5845311430526      -0.37268294556046899     
   2012.5872689938399      -0.37420449986624460     
   2012.5900068446269      -0.37573151710533464     
   2012.5927446954140      -0.37412165213865062     
   2012.5954825462011      -0.38251263131849417     
   2012.5982203969884      -0.38404649961426474     
   2012.6009582477755      -0.38558503512994419     
   2012.6036960985625      -0.38712815117947275     
   2012.6064339493496      -0.38778309357453800     
   2012.6091718001369      -0.38895135300036920     
   2012.6119096509240      -0.39050238655678693     
   2012.6146475017110      -0.39205769120860229     
   2012.6173853524983      -0.39149470095206929     
   2012.6201232032854      -0.39304922413298304     
   2012.6228610540725      -0.41771306479585046     
   2012.6255989048595      -0.41928417820070024     
   2012.6283367556468      -0.42085783849410485     
   2012.6310746064339      -0.42391530926103183     
   2012.6338124572210      -0.41802280582618501     
   2012.6365503080081      -0.41959687318808969     
   2012.6392881587954      -0.42077105979077822     
   2012.6420260095824      -0.42229223638256219     
   2012.6447638603695      -0.41403782835925973     
   2012.6475017111566      -0.41560630579383595     
   2012.6502395619439      -0.41717773375665379     
   2012.6529774127309      -0.41876583204119011     
   2012.6557152635180      -0.42034301396439150     
   2012.6584531143053      -0.42262384647788409     
   2012.6611909650924      -0.41634735460211453     
   2012.6639288158794      -0.41788539407997427     
   2012.6666666666665      -0.41671214611257862     
   2012.6694045174538      -0.41824106783984588     
   2012.6721423682409      -0.41518344049086620     
   2012.6748802190280      -0.43890645449913568     
   2012.6776180698150      -0.42526011850880879     
   2012.6803559206023      -0.42695343760124860     
   2012.6830937713894      -0.36870340185246342     
   2012.6858316221765      -0.37018238733982745     
   2012.6885694729638      -0.40328301783908915     
   2012.6913073237508      -0.40579617008060515     
   2012.6940451745379      -0.40496847795230811     
   2012.6967830253250      -0.40649025022163765     
   2012.6995208761123      -0.40771890832038932     
   2012.7022587268993      -0.40924797881309322     
   2012.7049965776864      -0.41078133829542907     
   2012.7077344284735      -0.41094965154744573     
   2012.7104722792608      -0.41583489295708231     
   2012.7132101300479      -0.41739024295494531     
   2012.7159479808349      -0.41894958850378389     
   2012.7186858316220      -0.42051287089150957     
   2012.7214236824093      -0.42208003247265574     
   2012.7241615331964      -0.42365101642822273     
   2012.7268993839834      -0.42522576656671340     
   2012.7296372347707      -0.42680422715928190     
   2012.7323750855578      -0.35248020779847455     
   2012.7351129363449      -0.35403939927219719     
   2012.7378507871319      -0.35891933935468384     
   2012.7405886379192      -0.35829973952546651     
   2012.7433264887063      -0.35987834246879480     
   2012.7460643394934      -0.41688080917504822     
   2012.7488021902805      -0.41867100589253392     
   2012.7515400410678      -0.38353107281152621     
   2012.7542778918548      -0.38531946712869058     
   2012.7570157426419      -0.29928976941684438     
   2012.7597535934292      -0.30066712405449919     
   2012.7624914442163      -0.30205312854265509     
   2012.7652292950033      -0.30344771659738878     
   2012.7679671457904      -0.30485082061745328     
   2012.7707049965777      -0.30626237171164683     
   2012.7734428473648      -0.29803539854578925     
   2012.7761806981518      -0.29717597828153086     
   2012.7789185489389      -0.30266033321504154     
   2012.7816563997262      -0.30410852420052470     
   2012.7843942505133      -0.30556544887139048     
   2012.7871321013004      -0.30703102973111018     
   2012.7898699520874      -0.30850518802405680     
   2012.7926078028747      -0.30998784386863504     
   2012.7953456536618      -0.30717700434641471     
   2012.7980835044489      -0.30865560777958118     
   2012.8008213552362      -0.31014256072196533     
   2012.8035592060232      -0.28204882700528744     
   2012.8062970568103      -0.28020472401206054     
   2012.8090349075974      -0.29021859725119120     
   2012.8117727583847      -0.29184492175080745     
   2012.8145106091717      -0.29348052300327171     
   2012.8172484599588      -0.29512529137014354     
   2012.8199863107459      -0.29619762392699978     
   2012.8227241615332      -0.29786162406990796     
   2012.8254620123203      -0.29953448229167923     
   2012.8281998631073      -0.30196106265570960     
   2012.8309377138946      -0.30365513366611457     
   2012.8336755646817      -0.30901276370972891     
   2012.8364134154688      -0.30992219093414086     
   2012.8391512662558      -0.31154575208502311     
   2012.8418891170431      -0.31328789905262261     
   2012.8446269678302      -0.29227210881788340     
   2012.8473648186173      -0.29388482785315484     
   2012.8501026694044      -0.29563311103527823     
   2012.8528405201916      -0.29739028410554624     
   2012.8555783709787      -0.29848105954152127     
   2012.8583162217658      -0.29974050879229469     
   2012.8610540725531      -0.30010662141495992     
   2012.8637919233402      -0.30189355396600764     
   2012.8665297741272      -0.30368885302962823     
   2012.8692676249143      -0.31467926159077791     
   2012.8720054757016      -0.31022685938054040     
   2012.8747433264887      -0.30327240487746315     
   2012.8774811772757      -0.28783820244831437     
   2012.8802190280628      -0.28962825883502219     
   2012.8829568788501      -0.29142662137479169     
   2012.8856947296372      -0.25295649333340520     
   2012.8884325804243      -0.25459691570230719     
   2012.8911704312113      -0.25624648057146626     
   2012.8939082819986      -0.24861926344683885     
   2012.8966461327857      -0.25022507496509805     
   2012.8993839835728      -0.25183955952706089     
   2012.9021218343601      -0.25397016766407327     
   2012.9048596851471      -0.25243485275038913     
   2012.9075975359342      -0.25407946401050646     
   2012.9103353867213      -0.23592661415097355     
   2012.9130732375086      -0.23749929281141055     
   2012.9158110882956      -0.23883452329935945     
   2012.9185489390827      -0.23769792654882754     
   2012.9212867898698      -0.23928604261057906     
   2012.9240246406571      -0.24088274027022796     
   2012.9267624914442      -0.24271553899768517     
   2012.9295003422312      -0.24433023897516626     
   2012.9322381930185      -0.24595321771747086     
   2012.9349760438056      -0.24758437500451408     
   2012.9377138945927      -0.24922361028978038     
   2012.9404517453797      -0.25061974932665654     
   2012.9431895961670      -0.25291059674107846     
   2012.9459274469541      -0.25457540799314654     
   2012.9486652977412      -0.25182282581321191     
   2012.9514031485282      -0.25349435110655688     
   2012.9541409993155      -0.25517358371526888     
   2012.9568788501026      -0.24342581619341297     
   2012.9596167008897      -0.24504351069079983     
   2012.9623545516768      -0.24666868825786245     
   2012.9650924024641      -0.22627568687908459     
   2012.9678302532511      -0.22788591031286010     
   2012.9705681040382      -0.22950460663251315     
   2012.9733059548255      -0.23113167935844675     
   2012.9760438056126      -0.23276703125333686     
   2012.9787816563996      -0.23441056433253810     
   2012.9815195071867      -0.23602912613747909     
   2012.9842573579740      -0.26543282024123666     
   2012.9869952087611      -0.26725135296929892     
   2012.9897330595481      -0.26907734651899418     
   2012.9924709103352      -0.27091068018364145     
   2012.9952087611225      -0.27210643325003125     
   2012.9979466119096      -0.27395336174015317     
   2013.0006844626967      -0.26500448911298347     
   2013.0034223134840      -0.26683129138181905     
   2013.0061601642710      -0.27164793636850160     
   2013.0088980150581      -0.27365714271382013     
   2013.0116358658452      -0.27194417510516111     
   2013.0143737166325      -0.27538093148220016     
   2013.0171115674195      -0.26840718898029936     
   2013.0198494182066      -0.26364728795532166     
   2013.0225872689937      -0.27085119932823487     
   2013.0253251197810      -0.27273827626354041     
   2013.0280629705680      -0.24112409569030488     
   2013.0308008213551      -0.24209673094132017     
   2013.0335386721422      -0.24045230340546928     
   2013.0362765229295      -0.20263670626898242     
   2013.0390143737166      -0.20425300044310934     
   2013.0417522245036      -0.20587685085686142     
   2013.0444900752909      -0.20728505877558734     
   2013.0472279260780      -0.20567445649084681     
   2013.0499657768651      -0.20730338537762530     
   2013.0527036276521      -0.20893947436874227     
   2013.0554414784394      -0.21191526539937555     
   2013.0581793292265      -0.21420333169386918     
   2013.0609171800136      -0.21587292681917469     
   2013.0636550308006      -0.21754925783592091     
   2013.0663928815879      -0.21923221290749453     
   2013.0691307323750      -0.22100489665654130     
   2013.0718685831621      -0.21332944457433095     
   2013.0746064339494      -0.21499548024574322     
   2013.0773442847365      -0.21807052045223915     
   2013.0800821355235      -0.21974457927685292     
   2013.0828199863106      -0.22142491328621772     
   2013.0855578370979      -0.21555901219219092     
   2013.0882956878850      -0.21720999243200950     
   2013.0910335386720      -0.21771297462728165     
   2013.0937713894591      -0.21750363324390942     
   2013.0965092402464      -0.21916496298419028     
   2013.0992470910335      -0.22083212071003427     
   2013.1019849418205      -0.22250500239211010     
   2013.1047227926078      -0.22418350385938762     
   2013.1074606433949      -0.22586752082308639     
   2013.1101984941820      -0.22755694889986722     
   2013.1129363449691      -0.22925168363451132     
   2013.1156741957564      -0.23112063278338968     
   2013.1184120465434      -0.23405494325223633     
   2013.1211498973305      -0.23633460361537847     
   2013.1238877481176      -0.23805697166596379     
   2013.1266255989049      -0.23978406219105505     
   2013.1293634496919      -0.24151577007252872     
   2013.1321013004790      -0.24550751426977344     
   2013.1348391512661      -0.24509117675854378     
   2013.1375770020534      -0.24682125012582054     
   2013.1403148528404      -0.24666890858788421     
   2013.1430527036275      -0.24839622561621952     
   2013.1457905544148      -0.25239011304306719     
   2013.1485284052019      -0.24632452754608786     
   2013.1512662559890      -0.24802380347725095     
   2013.1540041067760      -0.24976352295188631     
   2013.1567419575633      -0.25147016020139945     
   2013.1594798083504      -0.25398304352643825     
   2013.1622176591375      -0.25569389965219641     
   2013.1649555099245      -0.25882675916634901     
   2013.1676933607118      -0.26054659686238540     
   2013.1704312114989      -0.24501584373717056     
   2013.1731690622860      -0.24669297678193952     
   2013.1759069130733      -0.24861381909699556     
   2013.1786447638603      -0.25029872282638765     
   2013.1813826146474      -0.25198698801898628     
   2013.1841204654345      -0.25367309231959101     
   2013.1868583162218      -0.25536783913673616     
   2013.1895961670089      -0.21164500547787671     
   2013.1923340177959      -0.20923510482339122     
   2013.1950718685830      -0.21068301168825151     
   2013.1978097193703      -0.21213411202340482     
   2013.2005475701574      -0.21358834232722443     
   2013.2032854209444      -0.21445319303655727     
   2013.2060232717315      -0.20641186712665202     
   2013.2087611225188      -0.20898174840024134     
   2013.2114989733059      -0.20642412061005372     
   2013.2142368240929      -0.20349684827757311     
   2013.2169746748802      -0.20489704343990262     
   2013.2197125256673      -0.20630045577194969     
   2013.2224503764544      -0.21198344490605370     
   2013.2251882272415      -0.21341805248384699     
   2013.2279260780288      -0.21485569357946133     
   2013.2306639288158      -0.21227336792426871     
   2013.2334017796029      -0.21419827181351156     
   2013.2361396303900      -0.21799073645828401     
   2013.2388774811773      -0.21894513301822652     
   2013.2416153319643      -0.21868339288602839     
   2013.2443531827514      -0.22016209067503117     
   2013.2470910335387      -0.22164355245512041     
   2013.2498288843258      -0.22118402546391386     
   2013.2525667351129      -0.22265943211036976     
   2013.2553045858999      -0.22649819773202290     
   2013.2580424366872      -0.22797829925166180     
   2013.2607802874743      -0.22987751699654996     
   2013.2635181382614      -0.16914282385865428     
   2013.2662559890484      -0.17055597652431678     
   2013.2689938398357      -0.17197474595400847     
   2013.2717316906228      -0.17206131672809780     
   2013.2744695414099      -0.17348409386130159     
   2013.2772073921969      -0.17491230837281363     
   2013.2799452429842      -0.15371121661105400     
   2013.2826830937713      -0.15513944241444289     
   2013.2854209445584      -0.16470066146313322     
   2013.2881587953457      -0.16615429737688095     
   2013.2908966461328      -0.16761386586652099     
   2013.2936344969198      -0.17113502767748934     
   2013.2963723477069      -0.17260279104387194     
   2013.2991101984942      -0.17407614883766520     
   2013.3018480492813      -0.17569092759460359     
   2013.3045859000683      -0.17528856340581639     
   2013.3073237508554      -0.17678173301022498     
   2013.3100616016427      -0.17780404123999985     
   2013.3127994524298      -0.17930642400955443     
   2013.3155373032168      -0.18118344256712859     
   2013.3182751540041      -0.15412841509943384     
   2013.3210130047912      -0.13367092854041213     
   2013.3237508555783      -0.13154365790335842     
   2013.3264887063654      -0.13420751041468829     
   2013.3292265571527      -0.12951568720911794     
   2013.3319644079397       -8.5252949896034380E-002
   2013.3347022587268       -8.6374672164033856E-002
   2013.3374401095139       -8.7503130268461238E-002
   2013.3401779603012       -2.4249120124689112E-002
   2013.3429158110882       -2.5310630890083358E-002
   2013.3456536618753       -2.6382339281567475E-002
   2013.3483915126626       -2.7464181165572320E-002
   2013.3511293634497       -6.2045021317158527E-002
   2013.3538672142367       -6.3292039766829039E-002
   2013.3566050650238       -6.4547935163885420E-002
   2013.3593429158111       -6.8172864930808041E-002
   2013.3620807665982       -7.7020395246471224E-002
   2013.3648186173853       -7.8322380043150036E-002
   2013.3675564681723       -6.1005707219971506E-002
   2013.3702943189596       -6.9364194510069227E-002
   2013.3730321697467       -4.9743102856511762E-002
   2013.3757700205338       -5.2787263932440431E-002
   2013.3785078713208       -5.4233310593147947E-002
   2013.3812457221081       -4.1067031645815238E-002
   2013.3839835728952       -3.8738226494343164E-002
   2013.3867214236823       -3.8514645851050161E-002
   2013.3894592744696       -3.9911908716976613E-002
   2013.3921971252566       -4.1318926358415588E-002
   2013.3949349760437       -1.4801184853936640E-002
   2013.3976728268308       -1.6191007483964140E-002
   2013.4004106776181        1.0021518742943610E-002
   2013.4031485284052        1.0132695365071800E-002
   2013.4058863791922        8.8810050492864889E-003
   2013.4086242299793        7.6188315896740131E-003
   2013.4113620807666        7.9058525562442535E-003
   2013.4140999315537        1.5151870121069996E-002
   2013.4168377823407        1.8904411426721363E-002
   2013.4195756331280        1.7678651542021959E-002
   2013.4223134839151        8.3530477097498695E-002
   2013.4250513347022        8.2204110923877360E-002
   2013.4277891854892        8.0864440405256754E-002
   2013.4305270362765        7.8838571798572843E-002
   2013.4332648870636        7.7471738995522982E-002
   2013.4360027378507        7.6092126987549302E-002
   2013.4387405886378        8.6094697141841287E-002
   2013.4414784394251        8.4760208512621893E-002
   2013.4442162902121        8.3413473962738419E-002
   2013.4469541409992        8.2054650981237043E-002
   2013.4496919917863        8.0683897401472832E-002
   2013.4524298425736        7.9301371364835421E-002
   2013.4551676933606        8.3864737670260384E-002
   2013.4579055441477        8.2490888382505206E-002
   2013.4606433949350        8.1105659753921353E-002
   2013.4633812457221        7.9709206483261630E-002
   2013.4661190965091        7.8301683305576755E-002
   2013.4688569472962        7.6883244933799305E-002
   2013.4715947980835        7.2925783726813298E-002
   2013.4743326488706       0.13548491209224856     
   2013.4770704996577       0.13449102554402673     
   2013.4798083504447       0.13297429809991806     
   2013.4825462012320       0.15040059377825807     
   2013.4852840520191       0.15009566074463354     
   2013.4880219028062       0.14865854357303815     
   2013.4907597535935       0.14690042528462374     
   2013.4934976043805       0.14496036551451663     
   2013.4962354551676       0.14347895700557406     
   2013.4989733059547       0.15176752205505775     
   2013.5017111567420       0.15088611716628131     
   2013.5044490075290       0.14995966768735031     
   2013.5071868583161       0.14842868223892000     
   2013.5099247091032       0.14630085064717985     
   2013.5126625598905       0.14473915181185115     
   2013.5154004106776       0.16174154703321264     
   2013.5181382614646       0.14350747664795380     
   2013.5208761122517       0.14189229960731864     
   2013.5236139630390       0.14026408278092523     
   2013.5263518138261       0.13862300524765664     
   2013.5290896646131       0.13708095507550175     
   2013.5318275154004       0.13620344810958018     
   2013.5345653661875       0.13452447163210671     
   2013.5373032169746       0.13590843726442389     
   2013.5400410677616       0.14700802615225947     
   2013.5427789185489       0.14536834172512439     
   2013.5455167693360       0.14695744462508220     
   2013.5482546201231       0.14531706552721707     
   2013.5509924709102       0.14366519704663150     
   2013.5537303216975       0.13970046589634566     
   2013.5564681724845       0.13802420485619254     
   2013.5592060232716       0.13633708977259842     
   2013.5619438740589       0.13463928832055080     
   2013.5646817248460       0.13293096824007025     
   2013.5674195756330       0.13278299496472679     
   2013.5701574264201       0.13216130445870244     
   2013.5728952772074       0.11478984387165919     
   2013.5756331279945       0.11288871244055905     
   2013.5783709787815       0.10995871410305319     
   2013.5811088295686       0.10879878343308551     
   2013.5838466803559       0.10691286812425883     
   2013.5865845311430       0.10501739922975294     
   2013.5893223819301       0.11532722132882488     
   2013.5920602327174       0.11346073155238312     
   2013.5947980835044       0.11158475095705714     
   2013.5975359342915       0.11129065186339006     
   2013.6002737850786       0.10940249267030050     
   2013.6030116358659       0.10703773067839929     
   2013.6057494866529       0.10535420098565368     
   2013.6084873374400       0.10343841935015256     
   2013.6112251882271       0.10151409678341039     
   2013.6139630390144        9.9581398820582465E-002
   2013.6167008898015        9.7640490882112338E-002
   2013.6194387405885        9.5691538212664254E-002
   2013.6221765913756       0.11283771524476191     
   2013.6249144421629       0.11220138208463201     
   2013.6276522929500       0.11024425281355527     
   2013.6303901437370       0.11592128456751476     
   2013.6331279945243       0.11530817232220339     
   2013.6358658453114       0.10989867474587874     
   2013.6386036960985        9.8095645813742888E-002
   2013.6413415468855        9.8135826077741878E-002
   2013.6440793976728       0.10238213520812672     
   2013.6468172484599       0.10032447339841680     
   2013.6495550992470        9.8258949206865620E-002
   2013.6522929500341        9.6185741949242481E-002
   2013.6550308008214        9.4105030510268667E-002
   2013.6577686516084        9.2016993308630154E-002
   2013.6605065023955        8.9921808265156319E-002
   2013.6632443531828        8.8269117781810291E-002
   2013.6659822039699        8.9342019889429719E-002
   2013.6687200547569        8.7248943421092240E-002
   2013.6714579055440       0.12675506415372345     
   2013.6741957563313       0.12483269840846620     
   2013.6769336071184       0.11482190073485266     
   2013.6796714579054       0.11285947936800099     
   2013.6824093086925       0.10991899815906911     
   2013.6851471594798       0.10793889100898957     
   2013.6878850102669       0.10595266195636104     
   2013.6906228610540       0.10396046303621186     
   2013.6933607118410       0.10196244577926136     
   2013.6960985626283        9.9958761153718489E-002
   2013.6988364134154        9.8930103073437206E-002
   2013.7015742642025        9.6033503850471755E-002
   2013.7043121149898        9.4016981517111381E-002
   2013.7070499657768        9.1995455731456677E-002
   2013.7097878165639        8.9969078259436522E-002
   2013.7125256673510        8.7506958628908421E-002
   2013.7152635181383        8.5471397118688966E-002
   2013.7180013689253        8.2192252009089389E-002
   2013.7207392197124        8.0136226296186108E-002
   2013.7234770704995        7.8076157874284541E-002
   2013.7262149212868        7.5326989841041386E-002
   2013.7289527720739        7.3255305287411435E-002
   2013.7316906228609        7.1179963891891823E-002
   2013.7344284736482        6.9101092717685830E-002
   2013.7371663244353        7.0508000268911131E-002
   2013.7399041752224        7.8396586144765051E-002
   2013.7426420260094        7.5489952610719502E-002
   2013.7453798767967        7.6320962926714545E-002
   2013.7481177275838        7.3967253334892680E-002
   2013.7508555783709        7.1910843838208310E-002
   2013.7535934291579        6.9851039652549560E-002
   2013.7563312799452        6.7945612705427844E-002
   2013.7590691307323        7.3141186285882773E-002
   2013.7618069815194        7.1101609315831871E-002
   2013.7645448323067        7.8419759033694705E-002
   2013.7672826830938        7.6440958820670674E-002
   2013.7700205338808        6.8742848450205743E-002
   2013.7727583846679        6.8050151444604495E-002
   2013.7754962354552        6.6023109420462828E-002
   2013.7782340862423        6.4413978686912121E-002
   2013.7809719370293        5.3433934949768738E-002
   2013.7837097878164        4.0099381552989900E-002
   2013.7864476386037        3.8940748752329168E-002
   2013.7891854893908        3.6897725997303635E-002
   2013.7919233401778        3.4854047429176735E-002
   2013.7946611909649        3.1839194052364350E-002
   2013.7973990417522        3.1571287950918639E-002
   2013.8001368925393        5.9300439469427271E-002
   2013.8028747433264        5.7515371761485565E-002
   2013.8056125941137        5.3499987057055887E-002
   2013.8083504449007        5.1646647586306049E-002
   2013.8110882956878        4.9793813058695943E-002
   2013.8138261464749        4.7941569301795432E-002
   2013.8165639972622        7.5483741435645207E-002
   2013.8193018480492        7.4427462029875366E-002
   2013.8220396988363        7.2718893036236798E-002
   2013.8247775496234        7.1010537389028044E-002
   2013.8275154004107        6.3360812531464111E-002
   2013.8302532511977        6.2268815515374117E-002
   2013.8329911019848        6.0529029309833199E-002
   2013.8357289527721        3.9687982268547452E-002
   2013.8384668035592        4.6715331243190460E-002
   2013.8412046543463        4.5019630301586358E-002
   2013.8439425051333        4.3260288916129513E-002
   2013.8466803559206        4.5488907792784680E-002
   2013.8494182067077        4.3811289151995267E-002
   2013.8521560574948        9.9349159184932145E-002
   2013.8548939082818        9.4587512206530319E-002
   2013.8576317590691        9.4707163204840739E-002
   2013.8603696098562        9.3299619876278481E-002
   2013.8631074606433        9.1893513971874521E-002
   2013.8658453114303        9.0488865073860558E-002
   2013.8685831622176        8.9085691740039538E-002
   2013.8713210130047        8.6724332571211760E-002
   2013.8740588637918        8.5326358348791001E-002
   2013.8767967145791       0.14395102391309178     
   2013.8795345653662       0.16209116857750550     
   2013.8822724161532       0.17583079056425702     
   2013.8850102669403       0.17468551673956489     
   2013.8877481177276       0.17359164238256242     
   2013.8904859685147       0.17303493118586619     
   2013.8932238193017       0.17244144512743043     
   2013.8959616700888       0.17872734454347966     
   2013.8986995208761       0.17570735373432339     
   2013.9014373716632       0.19080857855293723     
   2013.9041752224502       0.18977675377181730     
   2013.9069130732375       0.18874196046962410     
   2013.9096509240246       0.18770417271747261     
   2013.9123887748117       0.18666336524238578     
   2013.9151266255988       0.18561951350213532     
   2013.9178644763861       0.18996348713026917     
   2013.9206023271731       0.17367343221291348     
   2013.9233401779602       0.17254813212830222     
   2013.9260780287473       0.17144842222689469     
   2013.9288158795346       0.17366019191472254     
   2013.9315537303216       0.17232306445578791     
   2013.9342915811087       0.17122940815836979     
   2013.9370294318958       0.18561111692726018     
   2013.9397672826831       0.18025659575732922     
   2013.9425051334701       0.17965814389677615     
   2013.9452429842572       0.18101982654755705     
   2013.9479808350445       0.18235537929471851     
   2013.9507186858316       0.18086277844137694     
   2013.9534565366187       0.18977169990296155     
   2013.9561943874057       0.23696739706591050     
   2013.9589322381930       0.26702196604405337     
   2013.9616700889801       0.26628401542573216     
   2013.9644079397672       0.26554048742690983     
   2013.9671457905542       0.26464180105932944     
   2013.9698836413415       0.26388587122752782     
   2013.9726214921286       0.27407432282353694     
   2013.9753593429157       0.27461726502444789     
   2013.9780971937030       0.27388847812185446     
   2013.9808350444900       0.30502469333726756     
   2013.9835728952771       0.30439384228031013     
   2013.9863107460642       0.30375553296151936     
   2013.9890485968515       0.30310972565635996     
   2013.9917864476386       0.30245638264016617     
   2013.9945242984256       0.29682488340590157     
   2013.9972621492127       0.29612139926032077     
   2014.0000000000000       0.29541015464609860     
   2014.0027378507871       0.29469112175951828     
   2014.0054757015741       0.29396427460091001     
   2014.0082135523614       0.29322958882733174     
   2014.0109514031485       0.31984388189349550     
   2014.0136892539356       0.35838934021336566     
   2014.0164271047227       0.35799470020552060     
   2014.0191649555100       0.36542788801452897     
   2014.0219028062970       0.37482024748236725     
   2014.0246406570841       0.37439029706624549     
   2014.0273785078712       0.37394989309459187     
   2014.0301163586585       0.37309612440791651     
   2014.0328542094455       0.37263281249988900     
   2014.0355920602326       0.37205974193124686     
   2014.0383299110197       0.37523778567914057     
   2014.0410677618070       0.37475115359136235     
   2014.0438056125940       0.37425363653660471     
   2014.0465434633811       0.37374520358780372     
   2014.0492813141684       0.37429528851666705     
   2014.0520191649555       0.37376048476350276     
   2014.0547570157426       0.37326194921115030     
   2014.0574948665296       0.37270029225384688     
   2014.0602327173169       0.36496846668851146     
   2014.0629705681040       0.36435299375539709     
   2014.0657084188911       0.36609209090566064     
   2014.0684462696781       0.39228951332880851     
   2014.0711841204654       0.39174523788280446     
   2014.0739219712525       0.39134219767446954     
   2014.0766598220396       0.39077379397151135     
   2014.0793976728269       0.39019331255300449     
   2014.0821355236139       0.38960075210521983     
   2014.0848733744010       0.38899611427561043     
   2014.0876112251881       0.38837940364893775     
   2014.0903490759754       0.38775062772246877     
   2014.0930869267625       0.38710979687999791     
   2014.0958247775495       0.38645692436460094     
   2014.0985626283366       0.38657897944831493     
   2014.1013004791239       0.42160564147918150     
   2014.1040383299110       0.42113203403396621     
   2014.1067761806980       0.42631990857642377     
   2014.1095140314851       0.43258799643648727     
   2014.1122518822724       0.43871165105754573     
   2014.1149897330595       0.43829365562976774     
   2014.1177275838465       0.43778390342988760     
   2014.1204654346338       0.44016274702591962     
   2014.1232032854209       0.44899786644591594     
   2014.1259411362080       0.47070420168610999     
   2014.1286789869951       0.47237061309648165     
   2014.1314168377824       0.47205691148170642     
   2014.1341546885694       0.47457961147917921     
   2014.1368925393565       0.47425720830976065     
   2014.1396303901436       0.47392215175627056     
   2014.1423682409309       0.47357444605873794     
   2014.1451060917179       0.47321409706519846     
   2014.1478439425050       0.47246959340324179     
   2014.1505817932923       0.46093244585995446     
   2014.1533196440794       0.46046578774732472     
   2014.1560574948664       0.45998654379333570     
   2014.1587953456535       0.46246635156995591     
   2014.1615331964408       0.45748857818412514     
   2014.1642710472279       0.45694768669946850     
   2014.1670088980150       0.46016655102232612     
   2014.1697467488020       0.45962623047641538     
   2014.1724845995893       0.45907342663376072     
   2014.1752224503764       0.49658121014412654     
   2014.1779603011635       0.49585214523318077     
   2014.1806981519505       0.49520938773797452     
   2014.1834360027378       0.50074264539581947     
   2014.1861738535249       0.50010568330398997     
   2014.1889117043120       0.49945468868946979     
   2014.1916495550993       0.49878973728481601     
   2014.1943874058863       0.51838482133284702     
   2014.1971252566734       0.52830120578846029     
   2014.1998631074605       0.52767259461771321     
   2014.2026009582478       0.52702882990823874     
   2014.2053388090349       0.52636998954896042     
   2014.2080766598219       0.51529265556240467     
   2014.2108145106090       0.51453537531248594     
   2014.2135523613963       0.50591129406860491     
   2014.2162902121834       0.50508597476454564     
   2014.2190280629704       0.50424601905688460     
   2014.2217659137577       0.50511310694835210     
   2014.2245037645448       0.50423904011618326     
   2014.2272416153319       0.54985072606494623     
   2014.2299794661189       0.54916449440414850     
   2014.2327173169062       0.56686529088084625     
   2014.2354551676933       0.56623091237198475     
   2014.2381930184804       0.56374615917239868     
   2014.2409308692675       0.56922499834377638     
   2014.2436687200548       0.56857386941179477     
   2014.2464065708418       0.56740596603726545     
   2014.2491444216289       0.56672554853351931     
   2014.2518822724162       0.57528388332227531     
   2014.2546201232033       0.57441966574302972     
   2014.2573579739903       0.57627879624306466     
   2014.2600958247774       0.57687733795515972     
   2014.2628336755647       0.57826877728274506     
   2014.2655715263518       0.57756990758482907     
   2014.2683093771388       0.57706281493520084     
   2014.2710472279259       0.57716845939930450     
   2014.2737850787132       0.57643378414836044     
   2014.2765229295003       0.57568488015957986     
   2014.2792607802874       0.57699649205637826     
   2014.2819986310744       0.57623261301465978     
   2014.2847364818617       0.58677212081235985     
   2014.2874743326488       0.58603314836756848     
   2014.2902121834359       0.58528017544247224     
   2014.2929500342232       0.60186259320722346     
   2014.2956878850102       0.59978973585268835     
   2014.2984257357973       0.68894090676897379     
   2014.3011635865844       0.68851041273779290     
   2014.3039014373717       0.68899422420677925     
   2014.3066392881587       0.68853438403498068     
   2014.3093771389458       0.68805669648728074     
   2014.3121149897329       0.69148163891772585     
   2014.3148528405202       0.68661553276837117     
   2014.3175906913073       0.68609394420919090     
   2014.3203285420943       0.68555473985277349     
   2014.3230663928816       0.68499798237894449     
   2014.3258042436687       0.68466689056757102     
   2014.3285420944558       0.68407547985594186     
   2014.3312799452428       0.68346670523976860     
   2014.3340177960301       0.66550158116908986     
   2014.3367556468172       0.69882199276459911     
   2014.3394934976043       0.69817852643548461     
   2014.3422313483914       0.69751642381625567     
   2014.3449691991786       0.68699062567914237     
   2014.3477070499657       0.68698716673795290     
   2014.3504449007528       0.68622795012397320     
   2014.3531827515399       0.68565262593182563     
   2014.3559206023272       0.68485828636483825     
   2014.3586584531142       0.69874779867624781     
   2014.3613963039013       0.69800756866234659     
   2014.3641341546886       0.69659723977674226     
   2014.3668720054757       0.77823155951370437     
   2014.3696098562627       0.78402152753572141     
   2014.3723477070498       0.79222050716856662     
   2014.3750855578371       0.79172277049854711     
   2014.3778234086242       0.79120450265306086     
   2014.3805612594113       0.79239826385233536     
   2014.3832991101983       0.79184490142411923     
   2014.3860369609856       0.79127114403936283     
   2014.3887748117727       0.79067706927960368     
   2014.3915126625598       0.79006275812357796     
   2014.3942505133471       0.78943386551251482     
   2014.3969883641341       0.78877932666076300     
   2014.3997262149212       0.78810481388608256     
   2014.4024640657083       0.78545659500949927     
   2014.4052019164956       0.78473753049748363     
   2014.4079397672826       0.78399888529032669     
   2014.4106776180697       0.78324076299753609     
   2014.4134154688568       0.78245677825187754     
   2014.4161533196441       0.78165999064883340     
   2014.4188911704312       0.78084405381762678     
   2014.4216290212182       0.78000908243952649     
   2014.4243668720053       0.78812608109936166     
   2014.4271047227926       0.78731936516333778     
   2014.4298425735797       0.78649430847189350     
   2014.4325804243667       0.78562778241604603     
   2014.4353182751540       0.78445610745024319     
   2014.4380561259411       0.78357510959714982     
   2014.4407939767282       0.78290163045650041     
   2014.4435318275152       0.78198693895257598     
   2014.4462696783025       0.78016955370109553     
   2014.4490075290896       0.89727973814467021     
   2014.4517453798767        1.0217511854482733     
   2014.4544832306638        1.0210644946364453     
   2014.4572210814511        1.0195604481685638     
   2014.4599589322381        1.0300693706173432     
   2014.4626967830252        1.0337200739425365     
   2014.4654346338125        1.0329471499612068     
   2014.4681724845996        1.0320425844816641     
   2014.4709103353866        1.0303469876026816     
   2014.4736481861737        1.0342813581836587     
   2014.4763860369610        1.0334224240585261     
   2014.4791238877481        1.0325361941919047     
   2014.4818617385351        1.0316228554754312     
   2014.4845995893222        1.0306825982684313     
   2014.4873374401095        1.0429848225962506     
   2014.4900752908966        1.0420623647516085     
   2014.4928131416837        1.0411133990824704     
   2014.4955509924710        1.0401381196704675     
   2014.4982888432580        1.0391367236686155     
   2014.5010266940451        1.0381094112090565     
   2014.5037645448322        1.0491723928416845     
   2014.5065023956195        1.0387969356416000     
   2014.5092402464065        1.0382033587091657     
   2014.5119780971936        1.0370994676802083     
   2014.5147159479807        1.0335990438039777     
   2014.5174537987680        1.0302889589948756     
   2014.5201916495550        1.0290865129934819     
   2014.5229295003421        1.0323299549514782     
   2014.5256673511292        1.0311093121710178     
   2014.5284052019165        1.0341840652601964     
   2014.5311430527036        1.0329468151706425     
   2014.5338809034906        1.0378807592692874     
   2014.5366187542779        1.0366388822915513     
   2014.5393566050650        1.0353745484693009     
   2014.5420944558521        1.0340879889882626     
   2014.5448323066391        1.0323975150929372     
   2014.5475701574264        1.0312221524089651     
   2014.5503080082135        1.0314100520476039     
   2014.5530458590006        1.0332812904670152     
   2014.5557837097876        1.0318906228969156     
   2014.5585215605749        1.0304788485616327     
   2014.5612594113620        1.0290441999150666     
   2014.5639972621491        1.0275909142698771     
   2014.5667351129364        1.0261172352526944     
   2014.5694729637235        1.0246234018503295     
   2014.5722108145105        1.0156352156417199     
   2014.5749486652976        1.0140495915631820     
   2014.5776865160849        1.0109754659146626     
   2014.5804243668720        1.0093419340497656     
   2014.5831622176590        1.0076892405369215     
   2014.5859000684461        1.0060176305434836     
   2014.5886379192334        1.0036372154675794     
   2014.5913757700205        1.0817803462560200     
   2014.5941136208075        1.0804512410396157     
   2014.5968514715946        1.0791027834443367     
   2014.5995893223819        1.0917860190267461     
   2014.6023271731690        1.0904860147073832     
   2014.6050650239561        1.0662253295156767     
   2014.6078028747434        1.0647718616781403     
   2014.6105407255304        1.0633005211389577     
   2014.6132785763175        1.0618115178080645     
   2014.6160164271046        1.0607441151725379     
   2014.6187542778919        1.0592224800897820     
   2014.6214921286789        1.0576838013768806     
   2014.6242299794660        1.0664673120147765     
   2014.6269678302531        1.0649394394211036     
   2014.6297056810404        1.0633948285752652     
   2014.6324435318274        1.0683810403608758     
   2014.6351813826145        1.0751951502123913     
   2014.6379192334018        1.0736472465456686     
   2014.6406570841889        1.0720827372784849     
   2014.6433949349760        1.0709986684326198     
   2014.6461327857630        1.0681943279228090     
   2014.6488706365503        1.0665771251102583     
   2014.6516084873374        1.0649441113634612     
   2014.6543463381245        1.0399083866685159     
   2014.6570841889115        1.0381093193863813     
   2014.6598220396988        1.0362951165487051     
   2014.6625598904859        1.0362815245182349     
   2014.6652977412730        1.0344361601882013     
   2014.6680355920601        1.0325761906915023     
   2014.6707734428473        1.0307018265695391     
   2014.6735112936344        1.0243413406027191     
   2014.6762491444215        1.0224267634268733     
   2014.6789869952088        1.0214372826722475     
   2014.6817248459959        1.0150090497190145     
   2014.6844626967829        1.0134428476153647     
   2014.6872005475700        1.0087655791667935     
   2014.6899383983573        1.0067495358211580     
   2014.6926762491444       0.99295956492961690     
   2014.6954140999314        1.0041867944591705     
   2014.6981519507185        1.0020948469773008     
   2014.7008898015058        1.0003023969328992     
   2014.7036276522929       0.99818793869513844     
   2014.7063655030800       0.99606184298987832     
   2014.7091033538672       0.99325504224533212     
   2014.7118412046543        1.0090364321905596     
   2014.7145790554414        1.0069604082085046     
   2014.7173169062285        1.0088484575788681     
   2014.7200547570158        1.0067530218085503     
   2014.7227926078028        1.0046466180859492     
   2014.7255304585899        1.0025294540783412     
   2014.7282683093770       0.97784828158692638     
   2014.7310061601643       0.97559228570823742     
   2014.7337440109513       0.97329573621393417     
   2014.7364818617384       0.97098892889868094     
   2014.7392197125257        1.0053665781183359     
   2014.7419575633128        1.0032248270174087     
   2014.7446954140999        1.0142205435076219     
   2014.7474332648869        1.0115001447529730     
   2014.7501711156742        1.0100115356023960     
   2014.7529089664613        1.0299312504908751     
   2014.7556468172484        1.0278978691608702     
   2014.7583846680354        1.0163743576487634     
   2014.7611225188227        1.0143260517405674     
   2014.7638603696098        1.0126458866132968     
   2014.7665982203969        1.0105830658983268     
   2014.7693360711839        1.0081019184574940     
   2014.7720739219712        1.0277924734907389     
   2014.7748117727583        1.0257549193620363     
   2014.7775496235454        1.0237086756094711     
   2014.7802874743327        1.0216539129035600     
   2014.7830253251198        1.0387722726302273     
   2014.7857631759068        1.0367045308900709     
   2014.7885010266939        1.0356444882971287     
   2014.7912388774812        1.0335596525948052     
   2014.7939767282683        1.0314659982774894     
   2014.7967145790553        1.0304460112683431     
   2014.7994524298424        1.0358348485491777     
   2014.8021902806297        1.0337623715912074     
   2014.8049281314168        1.0316817684151949     
   2014.8076659822038        1.0295932079842929     
   2014.8104038329911        1.0280085446234333     
   2014.8131416837782        1.0259084306375998     
   2014.8158795345653        1.0096967960163306     
   2014.8186173853524        1.0113492641388593     
   2014.8213552361397        1.0091860128853873     
   2014.8240930869267        1.0206171271153894     
   2014.8268309377138        1.0210555502737704     
   2014.8295687885009        1.0189654465143423     
   2014.8323066392882        1.0168691964309751     
   2014.8350444900752        1.0147669609178283     
   2014.8377823408623        1.0130438693473880     
   2014.8405201916494        1.0082045465798486     
   2014.8432580424367        1.0077037287780686     
   2014.8459958932237        1.0150198819716985     
   2014.8487337440108        1.0129551857498134     
   2014.8514715947981        1.0110635108035608     
   2014.8542094455852        1.0089904131097653     
   2014.8569472963723        1.0484064946146678     
   2014.8596851471593        1.0512428980989994     
   2014.8624229979466        1.0561180684737610     
   2014.8651608487337        1.0542128680798837     
   2014.8678986995208        1.0650894794700261     
   2014.8706365503078        1.0637489491422265     
   2014.8733744010951        1.0618927032631489     
   2014.8761122518822        1.0600307640697828     
   2014.8788501026693        1.0581632434271162     
   2014.8815879534566        1.0562902528548392     
   2014.8843258042436        1.0544119035559136     
   2014.8870636550307        1.0521709256073326     
   2014.8898015058178        1.0502799943919057     
   2014.8925393566051        1.0483840353056522     
   2014.8952772073922        1.0464831586354453     
   2014.8980150581792        1.0445774743895408     
   2014.9007529089663        1.0426670922938430     
   2014.9034907597536        1.0604591881124579     
   2014.9062286105407        1.0576853086511107     
   2014.9089664613277        1.0558434803404779     
   2014.9117043121148        1.0641651521949178     
   2014.9144421629021        1.0650107151784916     
   2014.9171800136892        1.0563867636372684     
   2014.9199178644762        1.0560318575622385     
   2014.9226557152635        1.0743412831834811     
   2014.9253935660506        1.0732396139849865     
   2014.9281314168377        1.0646933159770509     
   2014.9308692676248        1.0638389583741861     
   2014.9336071184121        1.0620330277555259     
   2014.9363449691991        1.0711641835644881     
   2014.9390828199862        1.0755263693683144     
   2014.9418206707733        1.0737815037566278     
   2014.9445585215606        1.0711426316830819     
   2014.9472963723476        1.0899644048256980     
   2014.9500342231347        1.0914584079187155     
   2014.9527720739220        1.0897995847260415     
   2014.9555099247091        1.0881364380747525     
   2014.9582477754961        1.0873358513323663     
   2014.9609856262832        1.0993662618716458     
   2014.9637234770705        1.2276571916830812     
   2014.9664613278576        1.2290184982894894     
   2014.9691991786447        1.2430720539619498     
   2014.9719370294317        1.2418478030392759     
   2014.9746748802190        1.2338432053853567     
   2014.9774127310061        1.2325503193741005     
   2014.9801505817932        1.2312488849003607     
   2014.9828884325805        1.2355892506892272     
   2014.9856262833675        1.2343064667869645     
   2014.9883641341546        1.2330153401085351     
   2014.9911019849417        1.2317159334532113     
   2014.9938398357290        1.2322278330890546     
   2014.9965776865160        1.2309226487861982     
   2014.9993155373031        1.2283010678860848     
   2015.0020533880902        1.2324414005064073     
   2015.0047912388775        1.2321750592403569     
   2015.0075290896646        1.2322097621595633     
   2015.0102669404516        1.2520340575359623     
   2015.0130047912387        1.2508326724160368     
   2015.0157426420260        1.2539167608309474     
   2015.0184804928131        1.2527295423052833     
   2015.0212183436001        1.2515350694854441     
   2015.0239561943874        1.2503333980663598     
   2015.0266940451745        1.2497729807597271     
   2015.0294318959616        1.2485617367132651     
   2015.0321697467487        1.2630131468843253     
   2015.0349075975359        1.2618442521225788     
   2015.0376454483230        1.2606678804418809     
   2015.0403832991101        1.2594840837739374     
   2015.0431211498972        1.2614748396526527     
   2015.0458590006845        1.2610245589020141     
   2015.0485968514715        1.2598234838480189     
   2015.0513347022586        1.2584223854732826     
   2015.0540725530459        1.2632269024555272     
   2015.0568104038330        1.2620470771716421     
   2015.0595482546200        1.2608602843042023     
   2015.0622861054071        1.2586855364646317     
   2015.0650239561944        1.2574827565902731     
   2015.0677618069815        1.2562732563590728     
   2015.0704996577686        1.2582767949967413     
   2015.0732375085556        1.2570756503348064     
   2015.0759753593429        1.2597309153368359     
   2015.0787132101300        1.2585286983827797     
   2015.0814510609171        1.2827016438101309     
   2015.0841889117041        1.2816299612933024     
   2015.0869267624914        1.2805517238796824     
   2015.0896646132785        1.2781617689145763     
   2015.0924024640656        1.2770674889083791     
   2015.0951403148529        1.2857885756513545     
   2015.0978781656399        1.3576787344426817     
   2015.1006160164270        1.3570658341614035     
   2015.1033538672141        1.3565803640253926     
   2015.1060917180014        1.3559577068656858     
   2015.1088295687885        1.3497295069270858     
   2015.1115674195755        1.3589878623506619     
   2015.1143052703626        1.3583584202400800     
   2015.1170431211499        1.3577234318971794     
   2015.1197809719370        1.3507283248736075     
   2015.1225188227240        1.3471527938833887     
   2015.1252566735113        1.3464527713576020     
   2015.1279945242984        1.3464570853377862     
   2015.1307323750855        1.3457506963057067     
   2015.1334702258725        1.3450390452887109     
   2015.1362080766598        1.3445424324115658     
   2015.1389459274469        1.3458000793341665     
   2015.1416837782340        1.3484208176517374     
   2015.1444216290211        1.3477101018259514     
   2015.1471594798084        1.3473340595007466     
   2015.1498973305954        1.3466130151563591     
   2015.1526351813825        1.3458867672431403     
   2015.1553730321696        1.3451553506327607     
   2015.1581108829569        1.3444188010394200     
   2015.1608487337439        1.3436771549927782     
   2015.1635865845310        1.3373912754497015     
   2015.1663244353183        1.3405494834887484     
   2015.1690622861054        1.3397661316942164     
   2015.1718001368924        1.3392146686566999     
   2015.1745379876795        1.3384227940359072     
   2015.1772758384668        1.3368532261656214     
   2015.1800136892539        1.3360457587908967     
   2015.1827515400410        1.3352332977861727     
   2015.1854893908280        1.3371862590897123     
   2015.1882272416153        1.3363632954032740     
   2015.1909650924024        1.3355353185350585     
   2015.1937029431895        1.3783823414021061     
   2015.1964407939768        1.3781361830127854     
   2015.1991786447638        1.3773954152335013     
   2015.2019164955509        1.3765988773429894     
   2015.2046543463380        1.3758436878224010     
   2015.2073921971253        1.3750814207233550     
   2015.2101300479123        1.3705236660447400     
   2015.2128678986994        1.3697254578255937     
   2015.2156057494865        1.3692187025409503     
   2015.2183436002738        1.3684689011537574     
   2015.2210814510609        1.3703310284569521     
   2015.2238193018479        1.3695124844338935     
   2015.2265571526352        1.3732186622640201     
   2015.2292950034223        1.3723988453563334     
   2015.2320328542094        1.3726479555044049     
   2015.2347707049964        1.3430245653197310     
   2015.2375085557837        1.3656580549291515     
   2015.2402464065708        1.3641544370715155     
   2015.2429842573579        1.3636598335469572     
   2015.2457221081449        1.3627398496719669     
   2015.2484599589322        1.3618126122929597     
   2015.2511978097193        1.3608781849712122     
   2015.2539356605064        1.3604265012293921     
   2015.2566735112935        1.3594773624795318     
   2015.2594113620808        1.3585212070526842     
   2015.2621492128678        1.3569358691299049     
   2015.2648870636549        1.3568155510978501     
   2015.2676249144422        1.3558414931655680     
   2015.2703627652293        1.3525270434279584     
   2015.2731006160163        1.3515180629494632     
   2015.2758384668034        1.3505025617067561     
   2015.2785763175907        1.3494805855707523     
   2015.2813141683778        1.3484521891712262     
   2015.2840520191648        1.3474174333879942     
   2015.2867898699519        1.3463763837413232     
   2015.2895277207392        1.3454096695747957     
   2015.2922655715263        1.3720924908830763     
   2015.2950034223134        1.3712303731930238     
   2015.2977412731007        1.3659767242495859     
   2015.3004791238877        1.3789465449438909     
   2015.3032169746748        1.3793183395403059     
   2015.3059548254619        1.3712405769162075     
   2015.3086926762492        1.3738992808814969     
   2015.3114305270362        1.3754153352414957     
   2015.3141683778233        1.3398310662199289     
   2015.3169062286104        1.3475188265727365     
   2015.3196440793977        1.3463709242984219     
   2015.3223819301847        1.3452164478232462     
   2015.3251197809718        1.3440554798458773     
   2015.3278576317589        1.3428881028644721     
   2015.3305954825462        1.3416430510843795     
   2015.3333333333333        1.3404630045836741     
   2015.3360711841203        1.3392768055617523     
   2015.3388090349076        1.3380845406169413     
   2015.3415468856947        1.3360749183455622     
   2015.3442847364818        1.3465670565666708     
   2015.3470225872688        1.3444755089057470     
   2015.3497604380561        1.3432913189281326     
   2015.3524982888432        1.3421010660459267     
   2015.3552361396303        1.3409048404618080     
   2015.3579739904173        1.3281813854838111     
   2015.3607118412046        1.3269172758371395     
   2015.3634496919917        1.3287022156369979     
   2015.3661875427788        1.3274450095983323     
   2015.3689253935661        1.3474951495225662     
   2015.3716632443532        1.3466865747233236     
   2015.3744010951402        1.3455486718491976     
   2015.3771389459273        1.3444059592289472     
   2015.3798767967146        1.3432585313576890     
   2015.3826146475017        1.3493347220924827     
   2015.3853524982887        1.3481801492328047     
   2015.3880903490758        1.3470207289733420     
   2015.3908281998631        1.3458565597829415     
   2015.3935660506502        1.3346909546038634     
   2015.3963039014372        1.3335165273316192     
   2015.3990417522245        1.3316782061571608     
   2015.4017796030116        1.3304956056711079     
   2015.4045174537987        1.3293093464475634     
   2015.4072553045858        1.3281195228002007     
   2015.4099931553731        1.3269262288057229     
   2015.4127310061601        1.3257295582818012     
   2015.4154688569472        1.3245296047672646     
   2015.4182067077343        1.3233264615038585     
   2015.4209445585216        1.3221202214190946     
   2015.4236824093086        1.3209109771098242     
   2015.4264202600957        1.3236936775816814     
   2015.4291581108828        1.3225099113344940     
   2015.4318959616701        1.3213237162393350     
   2015.4346338124572        1.3201351749165049     
   2015.4373716632442        1.3189443673171359     
   2015.4401095140315        1.3175288344479241     
   2015.4428473648186        1.3163328360469428     
   2015.4455852156057        1.3151348170188433     
   2015.4483230663927        1.3100413047948665     
   2015.4510609171800        1.3086743249721717     
   2015.4537987679671        1.3070784646930367     
   2015.4565366187542        1.3058530350995385     
   2015.4592744695412        1.3033464096621925     
   2015.4620123203285        1.3071365077871229     
   2015.4647501711156        1.3059100876995635     
   2015.4674880219027        1.3054611592431244     
   2015.4702258726900        1.3498450824288899     
   2015.4729637234771        1.3488403108207869     
   2015.4757015742641        1.3478333453992661     
   2015.4784394250512        1.3468242387254992     
   2015.4811772758385        1.3458130432550397     
   2015.4839151266256        1.3447998113261870     
   2015.4866529774126        1.3437845951443355     
   2015.4893908281997        1.3427674467644759     
   2015.4921286789870        1.3414977990951242     
   2015.4948665297741        1.3404753409604009     
   2015.4976043805611        1.3394511036243866     
   2015.5003422313482        1.3384081013052307     
   2015.5030800821355        1.3373803629118817     
   2015.5058179329226        1.3553770919105173     
   2015.5085557837097        1.3544216048968334     
   2015.5112936344970        1.3366939959588471     
   2015.5140314852840        1.3356480128315598     
   2015.5167693360711        1.3291743285035338     
   2015.5195071868582        1.3279147690694810     
   2015.5222450376455        1.3268442726798182     
   2015.5249828884325        1.3257725078261957     
   2015.5277207392196        1.3246995304772400     
   2015.5304585900067        1.3238511789286669     
   2015.5331964407940        1.3227775044144106     
   2015.5359342915810        1.3217027880104089     
   2015.5386721423681        1.3206270840681740     
   2015.5414099931554        1.3195504465558916     
   2015.5441478439425        1.3184729290603316     
   2015.5468856947296        1.3173945847876125     
   2015.5496235455166        1.3163154665629442     
   2015.5523613963039        1.3202297120499864     
   2015.5550992470910        1.3191643486687217     
   2015.5578370978781        1.3180981312409346     
   2015.5605749486651        1.3176641658992247     
   2015.5633127994524        1.3165946204973809     
   2015.5660506502395        1.3155243465989546     
   2015.5687885010266        1.3144533930632023     
   2015.5715263518136        1.3207537561829272     
   2015.5742642026009        1.3197078476730610     
   2015.5770020533880        1.3186610983707250     
   2015.5797399041751        1.3176135519732552     
   2015.5824777549624        1.3185267890061285     
   2015.5852156057495        1.3183776129221279     
   2015.5879534565365        1.3176927826605587     
   2015.5906913073236        1.3162642819640227     
   2015.5934291581109        1.3152321712748680     
   2015.5961670088980        1.3141995622651850     
   2015.5989048596850        1.3131664965560748     
   2015.6016427104721        1.3121400937181176     
   2015.6043805612594        1.3075199195923273     
   2015.6071184120465        1.3064774759321875     
   2015.6098562628335        1.3084223230870007     
   2015.6125941136208        1.3078471933171700     
   2015.6153319644079        1.3068152080260671     
   2015.6180698151950        1.3057830763734646     
   2015.6208076659821        1.3047508365470453     
   2015.6235455167694        1.3037185265053424     
   2015.6262833675564        1.3026861839877539     
   2015.6290212183435        1.3016538465220817     
   2015.6317590691306        1.3016931243527385     
   2015.6344969199179        1.3006669850408255     
   2015.6372347707049        1.2996409543987819     
   2015.6399726214920        1.2985815261189486     
   2015.6427104722793        1.2975557599827838     
   2015.6454483230664        1.2985785202871165     
   2015.6481861738534        1.3200196945756861     
   2015.6509240246405        1.3190824551144396     
   2015.6536618754278        1.3186031739213941     
   2015.6563997262149        1.3176668423365694     
   2015.6591375770020        1.3167298920317037     
   2015.6618754277890        1.3194403059188298     
   2015.6646132785763        1.3205078905795509     
   2015.6673511293634        1.3226746239792697     
   2015.6700889801505        1.3217718521642645     
   2015.6728268309375        1.3267568713531324     
   2015.6755646817248        1.3258970244495356     
   2015.6783025325119        1.3250369072403441     
   2015.6810403832990        1.3241765438500890     
   2015.6837782340863        1.3216236844935949     
   2015.6865160848733        1.3207808945165977     
   2015.6892539356604        1.3199135121904408     
   2015.6919917864475        1.3193605160872932     
   2015.6947296372348        1.3190237324799126     
   2015.6974674880219        1.3262621976285809     
   2015.7002053388089        1.3254491696827806     
   2015.7029431895960        1.3246361713133121     
   2015.7056810403833        1.3233234936129636     
   2015.7084188911704        1.3225057929252386     
   2015.7111567419574        1.3287727575770960     
   2015.7138945927447        1.3276382319732667     
   2015.7166324435318        1.3501013855211408     
   2015.7193702943189        1.3507675483855452     
   2015.7221081451059        1.3581534015909127     
   2015.7248459958932        1.3574450332380137     
   2015.7275838466803        1.3567352405697277     
   2015.7303216974674        1.3560240291932650     
   2015.7330595482545        1.3553114059382194     
   2015.7357973990418        1.3547993806406204     
   2015.7385352498288        1.3668305795356472     
   2015.7412731006159        1.3661553429059761     
   2015.7440109514030        1.3637967667101143     
   2015.7467488021903        1.4175998409252504     
   2015.7494866529773        1.4154115262114866     
   2015.7522245037644        1.4153158411786939     
   2015.7549623545517        1.4146702471404016     
   2015.7577002053388        1.4140195668332021     
   2015.7604380561258        1.4133638174076708     
   2015.7631759069129        1.4127030172472428     
   2015.7659137577002        1.4120371859514991     
   2015.7686516084873        1.4113663444465820     
   2015.7713894592744        1.4106905151225484     
   2015.7741273100614        1.4136116315855729     
   2015.7768651608487        1.4129309797638983     
   2015.7796030116358        1.4122452083432084     
   2015.7823408624229        1.4115543461698290     
   2015.7850787132102        1.4110469556651308     
   2015.7878165639972        1.4103463097037774     
   2015.7905544147843        1.4096406580100063     
   2015.7932922655714        1.4089300354714083     
   2015.7960301163587        1.4082144783452875     
   2015.7987679671457        1.3882294710225338     
   2015.8015058179328        1.3873949129821377     
   2015.8042436687199        1.3865556426341046     
   2015.8069815195072        1.3860719508221870     
   2015.8097193702943        1.3852241855288066     
   2015.8124572210813        1.3843718482885103     
   2015.8151950718684        1.3835149945014829     
   2015.8179329226557        1.3826536805663656     
   2015.8206707734428        1.3846158991317459     
   2015.8234086242298        1.3837498928763727     
   2015.8261464750171        1.3828794360252505     
   2015.8288843258042        1.3811244140857262     
   2015.8316221765913        1.3802417196602228     
   2015.8343600273784        1.3793547901251855     
   2015.8370978781657        1.3779227787372412     
   2015.8398357289527        1.3759887207519328     
   2015.8425735797398        1.3750865259660459     
   2015.8453114305269        1.3746637364355179     
   2015.8480492813142        1.3737576267550868     
   2015.8507871321012        1.3781175936453374     
   2015.8535249828883        1.3726471286873796     
   2015.8562628336756        1.3717139367041140     
   2015.8590006844627        1.3884794907677573     
   2015.8617385352497        1.3875922614475873     
   2015.8644763860368        1.3873495108411438     
   2015.8672142368241        1.3864578243547685     
   2015.8699520876112        1.3855616361708532     
   2015.8726899383983        1.3846610085122049     
   2015.8754277891853        1.3837262038771869     
   2015.8781656399726        1.3828166714008905     
   2015.8809034907597        1.3819028923735850     
   2015.8836413415468        1.3809849333833495     
   2015.8863791923341        1.3800752548130617     
   2015.8891170431211        1.3791491862889829     
   2015.8918548939082        1.3788136791372465     
   2015.8945927446953        1.3778829703775080     
   2015.8973305954826        1.3878710303075665     
   2015.9000684462696        1.3869722456998232     
   2015.9028062970567        1.3879727331384510     
   2015.9055441478438        1.3870771764600238     
   2015.9082819986311        1.3861776152898777     
   2015.9110198494182        1.3852741132976929     
   2015.9137577002052        1.3843667345464090     
   2015.9164955509923        1.3834555434778200     
   2015.9192334017796        1.3825918797212973     
   2015.9219712525667        1.3816734651096674     
   2015.9247091033537        1.3807514317369598     
   2015.9274469541410        1.3796694129363674     
   2015.9301848049281        1.3787403175491422     
   2015.9329226557152        1.3778078106294398     
   2015.9356605065022        1.3750979031716666     
   2015.9383983572895        1.3741477802437461     
   2015.9411362080766        1.3790179119323884     
   2015.9438740588637        1.3753368968353807     
   2015.9466119096508        1.3744039963734294     
   2015.9493497604381        1.3734683014404772     
   2015.9520876112251        1.3725298885518622     
   2015.9548254620122        1.3715888333358417     
   2015.9575633127995        1.3713464905218637     
   2015.9603011635866        1.3704009212929817     
   2015.9630390143736        1.3694528864534021     
   2015.9657768651607        1.4103506689086496     
   2015.9685147159480        1.4095530836572063     
   2015.9712525667351        1.4087516295106461     
   2015.9739904175221        1.4081196958160107     
   2015.9767282683092        1.4076657890717290     
   2015.9794661190965        1.4068551087388008     
   2015.9822039698836        1.4060407284747360     
   2015.9849418206707        1.4064741449510527     
   2015.9876796714577        1.4056510060944478     
   2015.9904175222450        1.4347875339628202     
   2015.9931553730321        1.4549406984538646     
   2015.9958932238192        1.4543490961641754     
   2015.9986310746065        1.4537539818346203     
   2016.0013689253935        1.4531553967837356     
   2016.0041067761806        1.4525533835479099     
   2016.0068446269677        1.4519479857935689     
   2016.0095824777550        1.4516238175548293     
   2016.0123203285420        1.4510134747869521     
   2016.0150581793291        1.4503998840004106     
   2016.0177960301162        1.4500050840952383     
   2016.0205338809035        1.4496067380699020     
   2016.0232717316906        1.4496128091436644     
   2016.0260095824776        1.4489928870743303     
   2016.0287474332649        1.4456836610030515     
   2016.0314852840520        1.4574252603217244     
   2016.0342231348391        1.4568101318981683     
   2016.0369609856261        1.4561914502229469     
   2016.0396988364134        1.4555692629231856     
   2016.0424366872005        1.4549436179655364     
   2016.0451745379876        1.4543145639247204     
   2016.0479123887746        1.4596871207436006     
   2016.0506502395619        1.4590789070212851     
   2016.0533880903490        1.4584672697475867     
   2016.0561259411361        1.4578522556244691     
   2016.0588637919232        1.4572339118154520     
   2016.0616016427105        1.4566122859043540     
   2016.0643394934975        1.4559874258604677     
   2016.0670773442846        1.4807777897581087     
   2016.0698151950719        1.4803432814165518     
   2016.0725530458590        1.4799074334540534     
   2016.0752908966460        1.4838379759472218     
   2016.0780287474331        1.4834258631892743     
   2016.0807665982204        1.4830125253366129     
   2016.0835044490075        1.4825979588942153     
   2016.0862422997945        1.4818888173518414     
   2016.0889801505816        1.4814693520239144     
   2016.0917180013689        1.4810486208374329     
   2016.0944558521560        1.4967795096313066     
   2016.0971937029431        1.4920478974184435     
   2016.0999315537304        1.4916008549236546     
   2016.1026694045174        1.4906956478950772     
   2016.1054072553045        1.4902415159403368     
   2016.1081451060916        1.4928284816631094     
   2016.1108829568789        1.4923835330192332     
   2016.1136208076659        1.4919122040484953     
   2016.1163586584530        1.5220944770691096     
   2016.1190965092401        1.5218042854312674     
   2016.1218343600274        1.5215114895864263     
   2016.1245722108144        1.5216273104162221     
   2016.1273100616015        1.5213303498689530     
   2016.1300479123888        1.5206068354435400     
   2016.1327857631759        1.5206751493551764     
   2016.1355236139630        1.5203705978557165     
   2016.1382614647500        1.5200635612605200     
   2016.1409993155373        1.5322529343514579     
   2016.1437371663244        1.5320260671687760     
   2016.1464750171115        1.5317970310432487     
   2016.1492128678985        1.5315658473687508     
   2016.1519507186858        1.5313325383248029     
   2016.1546885694729        1.5310971268703830     
   2016.1574264202600        1.5320915118383629     
   2016.1601642710471        1.5318545422230512     
   2016.1629021218343        1.5355570387601674     
   2016.1656399726214        1.5353428675031460     
   2016.1683778234085        1.5353229238995041     
   2016.1711156741958        1.5351061075405701     
   2016.1738535249829        1.5348873783184955     
   2016.1765913757699        1.5346632315498490     
   2016.1793292265570        1.5344407175314947     
   2016.1820670773443        1.5353261009590036     
   2016.1848049281314        1.5351051905018758     
   2016.1875427789184        1.5294887154607437     
   2016.1902806297055        1.5292229878868635     
   2016.1930184804928        1.5289552354559106     
   2016.1957563312799        1.5285788588805311     
   2016.1984941820670        1.5283072804351931     
   2016.2012320328543        1.5280336810128163     
   2016.2039698836413        1.5360649904625616     
   2016.2067077344284        1.5385480889230667     
   2016.2094455852155        1.5375946419472641     
   2016.2121834360028        1.5391990481449263     
   2016.2149212867898        1.5389801404219043     
   2016.2176591375769        1.5389988600681752     
   2016.2203969883640        1.5387777268762157     
   2016.2231348391513        1.5385546144087838     
   2016.2258726899383        1.5383295387708493     
   2016.2286105407254        1.5392787119546627     
   2016.2313483915125        1.5390587259119737     
   2016.2340862422998        1.5388102669243731     
   2016.2368240930869        1.5387096716825452     
   2016.2395619438739        1.5384848205392814     
   2016.2422997946612        1.5382581677720060     
   2016.2450376454483        1.5380297313257754     
   2016.2477754962354        1.5377995277518279     
   2016.2505133470224        1.5375675725279043     
   2016.2532511978097        1.5373338803906402     
   2016.2559890485968        1.5370984656067288     
   2016.2587268993839        1.5368613421721617     
   2016.2614647501709        1.5371101125397735     
   2016.2642026009582        1.5403784953474802     
   2016.2669404517453        1.5401634768342551     
   2016.2696783025324        1.5399468876523703     
   2016.2724161533197        1.5397287403363196     
   2016.2751540041068        1.5395090477820221     
   2016.2778918548938        1.5392878234709160     
   2016.2806297056809        1.5412648428696645     
   2016.2833675564682        1.5410488423816959     
   2016.2861054072553        1.5408312661430088     
   2016.2888432580423        1.5406121278744771     
   2016.2915811088294        1.5526958175686034     
   2016.2943189596167        1.5525418101192596     
   2016.2970568104038        1.5517796885535518     
   2016.2997946611908        1.5516187841320381     
   2016.3025325119779        1.5514562564719907     
   2016.3052703627652        1.5512921108207398     
   2016.3080082135523        1.5511263523810583     
   2016.3107460643394        1.5509589863468201     
   2016.3134839151267        1.5505770640874985     
   2016.3162217659137        1.5504569079788757     
   2016.3189596167008        1.5502836005872274     
   2016.3216974674879        1.5501087110762641     
   2016.3244353182752        1.5544212789661298     
   2016.3271731690622        1.5523509001126765     
   2016.3299110198493        1.5611588113645130     
   2016.3326488706364        1.5801750564446748     
   2016.3353867214237        1.5900814339187450     
   2016.3381245722107        1.5900417471039998     
   2016.3408624229978        1.5899989376248405     
   2016.3436002737851        1.5899529922842868     
   2016.3463381245722        1.5899038989062504     
   2016.3490759753593        1.5937051719854456     
   2016.3518138261463        1.5936796472354187     
   2016.3545516769336        1.5936512169943180     
   2016.3572895277207        1.5936198707478695     
   2016.3600273785078        1.5935855949794293     
   2016.3627652292948        1.5966736020760413     
   2016.3655030800821        1.5966566127021116     
   2016.3682409308692        1.5966367652268363     
   2016.3709787816563        1.5966140505670068     
   2016.3737166324436        1.5978492337946404     
   2016.3764544832306        1.5978215702274321     
   2016.3791923340177        1.5990408871109691     
   2016.3819301848048        1.5990160652381049     
   2016.3846680355921        1.5999967340311585     
   2016.3874058863792        1.5999683238394442     
   2016.3901437371662        1.5999369254355571     
   2016.3928815879533        1.5999025365000010     
   2016.3956194387406        1.5998651550948564     
   2016.3983572895277        1.5998247797528555     
   2016.4010951403147        1.5997814095501566     
   2016.4038329911018        1.5923026414706034     
   2016.4065708418891        1.5922231381302623     
   2016.4093086926762        1.5907864772815263     
   2016.4120465434632        1.5906960784017241     
   2016.4147843942505        1.5906030103647208     
   2016.4175222450376        1.5905072815611641     
   2016.4202600958247        1.5902552182575476     
   2016.4229979466118        1.5868642007681875     
   2016.4257357973991        1.5867351175835629     
   2016.4284736481861        1.5866032933744336     
   2016.4312114989732        1.5864687388313254     
   2016.4339493497603        1.5863314640108546     
   2016.4366872005476        1.5861914784732656     
   2016.4394250513346        1.5860487918651311     
   2016.4421629021217        1.5859034145203093     
   2016.4449007529090        1.5717481789667000     
   2016.4476386036961        1.5715464531471877     
   2016.4503764544831        1.5702207423469670     
   2016.4531143052702        1.5700196784427582     
   2016.4558521560575        1.5710762590892497     
   2016.4585900068446        1.5708653090501581     
   2016.4613278576317        1.5706523426409023     
   2016.4640657084187        1.5753263327368447     
   2016.4668035592060        1.5663300347610400     
   2016.4695414099931        1.5666257687317444     
   2016.4722792607802        1.5663803226211224     
   2016.4750171115672        1.5711112998874346     
   2016.4777549623545        1.5708978430226395     
   2016.4804928131416        1.5706826260902933     
   2016.4832306639287        1.5704656774155730     
   2016.4859685147160        1.5702470243269593     
   2016.4887063655030        1.5700266933632301     
   2016.4914442162901        1.5708071918874771     
   2016.4941820670772        1.5705886787148569     
   2016.4969199178645        1.5703685460447405     
   2016.4996577686516        1.5703423191830774     
   2016.5023956194386        1.5701195703870159     
   2016.5051334702257        1.5698952659724283     
   2016.5078713210130        1.5696694305579186     
   2016.5106091718001        1.5699292127791100     
   2016.5133470225871        1.5697041438832393     
   2016.5160848733744        1.5704884111635651     
   2016.5188227241615        1.5702634694439441     
   2016.5215605749486        1.5700371010475833     
   2016.5242984257357        1.5648503843727042     
   2016.5270362765229        1.5645875903293609     
   2016.5297741273100        1.5656722035412645     
   2016.5325119780971        1.5654081738365115     
   2016.5352498288842        1.5601499637105527     
   2016.5379876796715        1.5597554783480936     
   2016.5407255304585        1.5601540232649818     
   2016.5434633812456        1.5598595724967563     
   2016.5462012320327        1.5595637863050582     
   2016.5489390828200        1.5592666927688823     
   2016.5516769336070        1.5485454447691158     
   2016.5544147843941        1.5481664591308906     
   2016.5571526351814        1.5477857408320190     
   2016.5598904859685        1.5474032779230167     
   2016.5626283367556        1.5470190708786604     
   2016.5653661875426        1.5466331333681740     
   2016.5681040383299        1.5462454896485274     
   2016.5708418891170        1.5458561713934902     
   2016.5735797399041        1.5454652150134391     
   2016.5763175906911        1.5450726596815740     
   2016.5790554414784        1.5390745000744528     
   2016.5817932922655        1.5387794861714443     
   2016.5845311430526        1.5383701810841959     
   2016.5872689938399        1.5379597424739706     
   2016.5900068446269        1.5375482117911845     
   2016.5927446954140        1.5371356297344918     
   2016.5954825462011        1.5367220362139902     
   2016.5982203969884        1.5363074703504103     
   2016.6009582477755        1.5358919704952709     
   2016.6036960985625        1.5393701074811235     
   2016.6064339493496        1.5414216525480819     
   2016.6091718001369        1.5410304289448387     
   2016.6119096509240        1.5406382060826678     
   2016.6146475017110        1.5402450148154934     
   2016.6173853524983        1.5398508855016972     
   2016.6201232032854        1.5403477112116850     
   2016.6228610540725        1.5599929103866110     
   2016.6255989048595        1.5596744555048345     
   2016.6283367556468        1.5593544272468609     
   2016.6310746064339        1.5590328489087832     
   2016.6338124572210        1.5530428966480825     
   2016.6365503080081        1.5526820277989883     
   2016.6392881587954        1.5523196028809181     
   2016.6420260095824        1.5519556408181419     
   2016.6447638603695        1.5515901602449147     
   2016.6475017111566        1.5512231797609304     
   2016.6502395619439        1.5508547180806096     
   2016.6529774127309        1.5504847941142588     
   2016.6557152635180        1.5501134270075019     
   2016.6584531143053        1.5559024129474623     
   2016.6611909650924        1.5424383656162326     
   2016.6639288158794        1.5420706723812039     
   2016.6666666666665        1.5417022200028270     
   2016.6694045174538        1.5446805810156559     
   2016.6721423682409        1.5443254757530602     
   2016.6748802190280        1.5439695604978256     
   2016.6776180698150        1.5473746160591597     
   2016.6803559206023        1.5470450925358969     
   2016.6830937713894        1.5467178794604497     
   2016.6858316221765        1.5371151304900648     
   2016.6885694729638        1.5367264988179152     
   2016.6913073237508        1.5363372645510776     
   2016.6940451745379        1.5523949275792628     
   2016.6967830253250        1.5516667641872379     
   2016.6995208761123        1.5512932934560448     
   2016.7022587268993        1.5509649005620534     
   2016.7049965776864        1.5506354023367332     
   2016.7077344284735        1.5496432006260263     
   2016.7104722792608        1.5493067909388498     
   2016.7132101300479        1.5489692785585785     
   2016.7159479808349        1.5486306715432552     
   2016.7186858316220        1.5482909783396053     
   2016.7214236824093        1.5560351865222319     
   2016.7241615331964        1.5557316044270912     
   2016.7268993839834        1.5520786387657934     
   2016.7296372347707        1.5531166413679665     
   2016.7323750855578        1.5528024157429778     
   2016.7351129363449        1.5524870744694390     
   2016.7378507871319        1.5492733190611996     
   2016.7405886379192        1.5489368479879129     
   2016.7433264887063        1.5485992612378672     
   2016.7460643394934        1.5482605716907356     
   2016.7488021902805        1.5587240968703049     
   2016.7515400410678        1.5584249442032805     
   2016.7542778918548        1.5584922838222162     
   2016.7570157426419        1.5581901186952232     
   2016.7597535934292        1.5578864626779123     
   2016.7624914442163        1.5575813212798590     
   2016.7652292950033        1.5572747002757195     
   2016.7679671457904        1.5652015099490419     
   2016.7707049965777        1.5649268080960512     
   2016.7734428473648        1.5726056793213172     
   2016.7761806981518        1.5774274624298790     
   2016.7789185489389        1.5772005749939912     
   2016.7816563997262        1.5769715346724591     
   2016.7843942505133        1.5767403374486544     
   2016.7871321013004        1.5765069799535933     
   2016.7898699520874        1.5762714594687308     
   2016.7926078028747        1.5760337739266110     
   2016.7953456536618        1.5757939219099650     
   2016.7980835044489        1.5755519026497018     
   2016.8008213552362        1.5753077160221183     
   2016.8035592060232        1.5748398166238582     
   2016.8062970568103        1.5745897085673091     
   2016.8090349075974        1.5743374297871982     
   2016.8117727583847        1.5740829825888130     
   2016.8145106091717        1.5736084187577282     
   2016.8172484599588        1.5733497667117808     
   2016.8199863107459        1.5727403677625240     
   2016.8227241615332        1.5724757982259565     
   2016.8254620123203        1.5729215807609513     
   2016.8281998631073        1.5721991587022819     
   2016.8309377138946        1.5719296236657421     
   2016.8336755646817        1.5716579777929187     
   2016.8364134154688        1.5713842285178525     
   2016.8391512662558        1.5711083837408557     
   2016.8418891170431        1.5708304518823766     
   2016.8446269678302        1.5705504419309473     
   2016.8473648186173        1.5702683634714458     
   2016.8501026694044        1.5699842266932595     
   2016.8528405201916        1.5696980423832643     
   2016.8555783709787        1.5694098219093231     
   2016.8583162217658        1.5691042516017855     
   2016.8610540725531        1.5688118934470197     
   2016.8637919233402        1.5685175362794737     
   2016.8665297741272        1.5697085293223227     
   2016.8692676249143        1.5694201900246079     
   2016.8720054757016        1.5697136898712729     
   2016.8747433264887        1.5694251259620282     
   2016.8774811772757        1.5696025683939399     
   2016.8802190280628        1.5635573960497262     
   2016.8829568788501        1.5632419999996299     
   2016.8856947296372        1.5633643329681064     
   2016.8884325804243        1.5630481682807127     
   2016.8911704312113        1.5632226866226282     
   2016.8939082819986        1.5620486841196355     
   2016.8966461327857        1.5617286973089517     
   2016.8993839835728        1.5614072248149915     
   2016.9021218343601        1.5610842833701284     
   2016.9048596851471        1.5607598907141123     
   2016.9075975359342        1.5550691180246976     
   2016.9103353867213        1.5518899815265366     
   2016.9130732375086        1.5542795970379035     
   2016.9158110882956        1.5539208802489679     
   2016.9185489390827        1.5539139696320745     
   2016.9212867898698        1.5528693925326835     
   2016.9240246406571        1.5525045377750206     
   2016.9267624914442        1.5521385147776310     
   2016.9295003422312        1.5556053918095081     
   2016.9322381930185        1.5552640665982405     
   2016.9349760438056        1.5549217609374473     
   2016.9377138945927        1.5545785034967308     
   2016.9404517453797        1.5542343224411064     
   2016.9431895961670        1.5538892453774396     
   2016.9459274469541        1.5535432993697342     
   2016.9486652977412        1.5531965109926451     
   2016.9514031485282        1.5528489064010018     
   2016.9541409993155        1.5525005114015114     
   2016.9568788501026        1.5533533306584408     
   2016.9596167008897        1.5516496287680974     
   2016.9623545516768        1.5512959557703405     
   2016.9650924024641        1.5509594395430493     
   2016.9678302532511        1.5507176433104464     
   2016.9705681040382        1.5503624358088004     
   2016.9733059548255        1.5500065809379711     
   2016.9760438056126        1.5491133823068965     
   2016.9787816563996        1.5487523713254143     
   2016.9815195071867        1.5483907700106812     
   2016.9842573579740        1.5480286030919916     
   2016.9869952087611        1.5476658950557953     
   2016.9897330595481        1.5473026702272288     
   2016.9924709103352        1.5469389528633739     
   2016.9952087611225        1.5465747672175487     
   2016.9979466119096        1.5467268457863947     
   2017.0006844626967        1.5463648575912603     
   2017.0034223134840        1.5460129210585494     
   2017.0061601642710        1.5456502396054170     
   2017.0088980150581        1.5452872097803589     
   2017.0116358658452        1.5449238554606448     
   2017.0143737166325        1.5445602004512797     
   2017.0171115674195        1.5441962684678585     
   2017.0198494182066        1.5438320831209631     
   2017.0225872689937        1.5434676679019304     
   2017.0253251197810        1.5431030461702813     
   2017.0280629705680        1.5427382411429422     
   2017.0308008213551        1.5423732758850655     
   2017.0335386721422        1.5420081733021513     
   2017.0362765229295        1.5416429561331579     
   2017.0390143737166        1.5412776469443510     
   2017.0417522245036        1.5409656892562587     
   2017.0444900752909        1.5406006807826411     
   2017.0472279260780        1.5321372128598887     
   2017.0499657768651        1.5317108103662749     
   2017.0527036276521        1.5301568550623734     
   2017.0554414784394        1.5297243820102515     
   2017.0581793292265        1.5292915943219043     
   2017.0609171800136        1.5326022676652515     
   2017.0636550308006        1.5321963430424190     
   2017.0663928815879        1.5317902677685364     
   2017.0691307323750        1.5272206001768778     
   2017.0718685831621        1.5267929243793590     
   2017.0746064339494        1.5232572894814740     
   2017.0773442847365        1.5228188215640162     
   2017.0800821355235        1.5223805539920416     
   2017.0828199863106        1.5218315640641493     
   2017.0855578370979        1.5213763715747217     
   2017.0882956878850        1.5209383052562340     
   2017.0910335386720        1.5230085009930652     
   2017.0937713894591        1.5217297682804110     
   2017.0965092402464        1.5212986825109596     
   2017.0992470910335        1.5208679393271278     
   2017.1019849418205        1.5204375640214454     
   2017.1047227926078        1.5200075812182239     
   2017.1074606433949        1.5195780149310825     
   2017.1101984941820        1.5191488886102160     
   2017.1129363449691        1.5199661071430324     
   2017.1156741957564        1.5211424829708755     
   2017.1184120465434        1.5207318350489394     
   2017.1211498973305        1.5203217447115311     
   2017.1238877481176        1.5199122320613072     
   2017.1266255989049        1.5195033161126956     
   2017.1293634496919        1.5190950150786802     
   2017.1321013004790        1.5186873465750981     
   2017.1348391512661        1.5182803277594294     
   2017.1375770020534        1.5178739754220647     
   2017.1403148528404        1.5174683060447505     
   2017.1430527036275        1.5170633358369789     
   2017.1457905544148        1.5166590807578784     
   2017.1485284052019        1.5275465821870520     
   2017.1512662559890        1.5282762489886592     
   2017.1540041067760        1.5279029003395164     
   2017.1567419575633        1.5276648487812519     
   2017.1594798083504        1.5274705645229938     
   2017.1622176591375        1.5270998014517885     
   2017.1649555099245        1.5267292688949667     
   2017.1676933607118        1.5207659244324718     
   2017.1704312114989        1.5203752003664195     
   2017.1731690622860        1.5199849697505727     
   2017.1759069130733        1.5195952485236890     
   2017.1786447638603        1.5192060524687168     
   2017.1813826146474        1.5197277702068477     
   2017.1841204654345        1.5193462251136274     
   2017.1868583162218        1.5189652793656334     
   2017.1895961670089        1.5185849485689142     
   2017.1923340177959        1.5182052482575366     
   2017.1950718685830        1.5178261938036495     
   2017.1978097193703        1.5174478003550447     
   2017.2005475701574        1.5170700828015489     
   2017.2032854209444        1.5166930557629734     
   2017.2060232717315        1.5163167335905248     
   2017.2087611225188        1.5159411303753392     
   2017.2114989733059        1.5155662599599384     
   2017.2142368240929        1.5151921359501004     
   2017.2169746748802        1.5148187717258108     
   2017.2197125256673        1.5162198373733733     
   2017.2224503764544        1.5158596049085757     
   2017.2251882272415        1.5155001917321771     
   2017.2279260780288        1.5151416093985610     
   2017.2306639288158        1.5147838692582221     
   2017.2334017796029        1.5144269824616441     
   2017.2361396303900        1.5140709599648172     
   2017.2388774811773        1.5137158125374699     
   2017.2416153319643        1.5141704263659561     
   2017.2443531827514        1.5138227783336009     
   2017.2470910335387        1.5134760576708766     
   2017.2498288843258        1.5128556659745858     
   2017.2525667351129        1.5125092757220493     
   2017.2553045858999        1.5171645020321756     
   2017.2580424366872        1.5157393014636258     
   2017.2607802874743        1.5205332478959055     
   2017.2635181382614        1.5212087506922676     
   2017.2662559890484        1.5209185383197310     
   2017.2689938398357        1.5206292342261396     
   2017.2717316906228        1.5203408377794811     
   2017.2744695414099        1.5200533482187519     
   2017.2772073921969        1.5197667650230837     
   2017.2799452429842        1.5194810880155454     
   2017.2826830937713        1.5191963173523679     
   2017.2854209445584        1.5264107045714777     
   2017.2881587953457        1.5261742973761445     
   2017.2908966461328        1.5259388349349283     
   2017.2936344969198        1.5257043138186135     
   2017.2963723477069        1.5256612391667874     
   2017.2991101984942        1.5254295553586876     
   2017.3018480492813        1.5251987994605940     
   2017.3045859000683        1.5249689682191343     
   2017.3073237508554        1.5283139747100234     
   2017.3100616016427        1.5280830382002550     
   2017.3127994524298        1.5278528228394694     
   2017.3155373032168        1.5276233275517366     
   2017.3182751540041        1.5273945511913345     
   2017.3210130047912        1.5271664925273538     
   2017.3237508555783        1.5269391502324337     
   2017.3264887063654        1.5267125228751390     
   2017.3292265571527        1.5264866089153999     
   2017.3319644079397        1.5262614067024867     
   2017.3347022587268        1.5260369144749932     
   2017.3374401095139        1.5301308578545503     
   2017.3401779603012        1.5299310565259070     
   2017.3429158110882        1.5297319036199373     
   2017.3456536618753        1.5272382909915279     
   2017.3483915126626        1.5270300526915030     
   2017.3511293634497        1.5268225134911058     
   2017.3538672142367        1.5266156695396822     
   2017.3566050650238        1.5264095169025238     
   2017.3593429158111        1.5262040515677830     
   2017.3620807665982        1.5259992694535054     
   2017.3648186173853        1.5257951664145262     
   2017.3675564681723        1.5255917382490205     
   2017.3702943189596        1.5253889807045631     
   2017.3730321697467        1.5242191695320324     
   2017.3757700205338        1.5240110280676111     
   2017.3785078713208        1.5238035226388453     
   2017.3812457221081        1.5235966492359383     
   2017.3839835728952        1.5233904037832988     
   2017.3867214236823        1.5231847821201887     
   2017.3894592744696        1.5229797799980400     
   2017.3921971252566        1.5241872664251415     
   2017.3949349760437        1.5240826118951527     
   2017.3976728268308        1.5238884448177976     
   2017.4004106776181        1.5236948787975244     
   2017.4031485284052        1.5235019084862971     
   2017.4058863791922        1.5233095285610165     
   2017.4086242299793        1.5231177337339241     
   2017.4113620807666        1.5319541439604436     
   2017.4140999315537        1.5317992155481464     
   2017.4168377823407        1.5362000296228175     
   2017.4195756331280        1.5360665877737123     
   2017.4223134839151        1.5359332379799098     
   2017.4250513347022        1.5357999667605116     
   2017.4277891854892        1.5356667608280359     
   2017.4305270362765        1.5494327401425592     
   2017.4332648870636        1.5493991157442233     
   2017.4360027378507        1.5514378584937045     
   2017.4387405886378        1.5514176388934682     
   2017.4414784394251        1.5513978935556128     
   2017.4442162902121        1.5513786047682168     
   2017.4469541409992        1.5513597540112414     
   2017.4496919917863        1.5513413221905923     
   2017.4524298425736        1.5513232898324083     
   2017.4551676933606        1.5519359029176227     
   2017.4579055441477        1.5519230598016518     
   2017.4606433949350        1.5519105729976497     
   2017.4633812457221        1.5541779245576088     
   2017.4661190965091        1.5541759514634159     
   2017.4688569472962        1.5669572060587087     
   2017.4715947980835        1.5670045216911908     
   2017.4743326488706        1.5670515590129657     
   2017.4770704996577        1.5670982911096689     
   2017.4798083504447        1.5671446915044438     
   2017.4825462012320        1.5671907341532800     
   2017.4852840520191        1.5672363934435256     
   2017.4880219028062        1.5572589660029443     
   2017.4907597535935        1.5572881703178658     
   2017.4934976043805        1.5573174967151107     
   2017.4962354551676        1.5573469215642417     
   2017.4989733059547        1.5573764214931471     
   2017.5017111567420        1.5574059733953982     
   2017.5044490075290        1.5574355544371810     
   2017.5071868583161        1.5553103555266341     
   2017.5099247091032        1.5553225915798383     
   2017.5126625598905        1.5553344064677448     
   2017.5154004106776        1.5553458111870184     
   2017.5181382614646        1.5553568453435969     
   2017.5208761122517        1.5553675391507200     
   2017.5236139630390        1.5553779089695121     
   2017.5263518138261        1.5553879602190768     
   2017.5290896646131        1.5553976907165170     
   2017.5318275154004        1.5554070931930035     
   2017.5345653661875        1.5572966518338027     
   2017.5373032169746        1.5573148863917257     
   2017.5400410677616        1.5573327183800316     
   2017.5427789185489        1.5573501312330364     
   2017.5455167693360        1.5647041189553392     
   2017.5482546201231        1.5647743244795151     
   2017.5509924709102        1.5648442978257551     
   2017.5537303216975        1.5649140201488054     
   2017.5564681724845        1.5649834744419309     
   2017.5592060232716        1.5653378763316252     
   2017.5619438740589        1.5654089807642564     
   2017.5646817248460        1.5654797996152798     
   2017.5674195756330        1.5655503204229400     
   2017.5701574264201        1.5656205298671504     
   2017.5728952772074        1.5656904136889689     
   2017.5756331279945        1.5657599567435585     
   2017.5783709787815        1.5624533976080848     
   2017.5811088295686        1.5624975534256920     
   2017.5838466803559        1.5625411957595901     
   2017.5865845311430        1.5625843045151087     
   2017.5893223819301        1.5626268602365634     
   2017.5920602327174        1.5626688442913794     
   2017.5947980835044        1.5627102389099849     
   2017.5975359342915        1.5627510271525984     
   2017.6002737850786        1.5627911928458917     
   2017.6030116358659        1.5628307205127987     
   2017.6057494866529        1.5628695953066694     
   2017.6084873374400        1.5629078029542118     
   2017.6112251882271        1.5629453297081848     
   2017.6139630390144        1.5629821623091700     
   2017.6167008898015        1.5630182879551693     
   2017.6194387405885        1.5630536942775899     
   2017.6221765913756        1.5630883693223401     
   2017.6249144421629        1.5631223015348987     
   2017.6276522929500        1.5631554797484655     
   2017.6303901437370        1.5631878931744316     
   2017.6331279945243        1.5632195313946280     
   2017.6358658453114        1.5669692305443332     
   2017.6386036960985        1.5670197703940931     
   2017.6413415468855        1.5670694726993846     
   2017.6440793976728        1.5666742108783251     
   2017.6468172484599        1.5667192605537088     
   2017.6495550992470        1.5980462286281301     
   2017.6522929500341        1.5983065436616348     
   2017.6550308008214        1.5985667887383730     
   2017.6577686516084        1.5988269514580713     
   2017.6605065023955        1.5990870174545671     
   2017.6632443531828        1.5993469706023473     
   2017.6659822039699        1.5996067932601015     
   2017.6687200547569        1.5998664665207962     
   2017.6714579055440        1.6001259704504536     
   2017.6741957563313        1.6003852843061142     
   2017.6769336071184        1.5974069608625123     
   2017.6796714579054        1.5976421829877547     
   2017.6824093086925        1.5939959033742803     
   2017.6851471594798        1.5355520640860238     
   2017.6878850102669        1.5385150572956459     
   2017.6906228610540        1.5419832828845470     
   2017.6933607118410        1.5419604935327738     
   2017.6960985626283        1.5418375455435589     
   2017.6988364134154        1.5417138503370806     
   2017.7015742642025        1.5415894220430164     
   2017.7043121149898        1.5414642755548114     
   2017.7070499657768        1.5413384263447243     
   2017.7097878165639        1.5412118902864620     
   2017.7125256673510        1.5410846835176817     
   2017.7152635181383        1.5409568223546231     
   2017.7180013689253        1.5408283232565529     
   2017.7207392197124        1.5406992028298017     
   2017.7234770704995        1.5405694778585755     
   2017.7262149212868        1.5404391653504543     
   2017.7289527720739        1.5403082825868384     
   2017.7316906228609        1.5401768471713275     
   2017.7344284736482        1.5400448770716177     
   2017.7371663244353        1.5165402071604248     
   2017.7399041752224        1.5165796281852946     
   2017.7426420260094        1.5163337970211053     
   2017.7453798767967        1.5160880056443142     
   2017.7481177275838        1.5158422892083774     
   2017.7508555783709        1.5155966831331509     
   2017.7535934291579        1.5153512230813408     
   2017.7563312799452        1.5151059449323074     
   2017.7590691307323        1.5148608847541141     
   2017.7618069815194        1.5146160787745542     
   2017.7645448323065        1.5143715633514552     
   2017.7672826830938        1.5141273749424720     
   2017.7700205338808        1.5138835500745831     
   2017.7727583846679        1.5136401253135603     
   2017.7754962354552        1.5133971372337085     
   2017.7782340862423        1.5131546223881203     
   2017.7809719370293        1.5129126172796323     
   2017.7837097878164        1.5126711583326076     
   2017.7864476386037        1.5124302818656190     
   2017.7891854893908        1.5121900240650639     
   2017.7919233401778        1.5119504209597183     
   2017.7946611909649        1.5117115083962267     
   2017.7973990417522        1.5114733220154997     
   2017.8001368925393        1.5112358972300255     
   2017.8028747433264        1.5109992692020437     
   2017.8056125941137        1.5107634728225894     
   2017.8083504449007        1.5105285426913786     
   2017.8110882956878        1.5102945130975129     
   2017.8138261464749        1.5100614180009999     
   2017.8165639972622        1.5098292910150677     
   2017.8193018480492        1.5095981653892543     
   2017.8220396988363        1.5093680739932693     
   2017.8247775496234        1.5091390493016070     
   2017.8275154004107        1.5089111233788917     
   2017.8302532511977        1.5086843278659519     
   2017.8329911019848        1.5084586939666060     
   2017.8357289527721        1.5082342524351349     
   2017.8384668035592        1.5080110335644439     
   2017.8412046543463        1.5077890671748853     
   2017.8439425051333        1.5075683826037347     
   2017.8466803559206        1.5073490086953019     
   2017.8494182067077        1.5071309737916661     
   2017.8521560574948        1.5069143057240166     
   2017.8548939082818        1.5066990318045861     
   2017.8576317590691        1.5064851788191604     
   2017.8603696098562        1.5062727730201566     
   2017.8631074606433        1.5060618401202461     
   2017.8658453114303        1.5058524052865097     
   2017.8685831622176        1.5056444931351229     
   2017.8713210130047        1.5054381277265374     
   2017.8740588637918        1.5052333325611649     
   2017.8767967145791        1.5050301305755349     
   2017.8795345653662        1.5183236084444027     
   2017.8822724161532        1.5181338448138781     
   2017.8850102669403        1.5180261658965641     
   2017.8877481177276        1.5179204076469117     
   2017.8904859685147        1.5178165873985214     
   2017.8932238193017        1.5177147218510842     
   2017.8959616700888        1.5176148269066012     
   2017.8986995208761        1.5175169175567782     
   2017.9014373716632        1.5174210078157044     
   2017.9041752224502        1.5105179904313915     
   2017.9069130732375        1.5103965793742662     
   2017.9096509240246        1.5102774190401393     
   2017.9123887748117        1.5101605240300933     
   2017.9151266255988        1.5100459079412554     
   2017.9178644763861        1.5099335834011762     
   2017.9206023271731        1.5098235621031888     
   2017.9233401779602        1.5097158548411764     
   2017.9260780287473        1.5096104715427605     
   2017.9288158795346        1.5095074213003872     
   2017.9315537303216        1.5097351512097112     
   2017.9342915811087        1.5096390999007268     
   2017.9370294318958        1.5095454122814114     
   2017.9397672826831        1.5094540942355148     
   2017.9425051334701        1.5093651509348103     
   2017.9452429842572        1.5092785868669734     
   2017.9479808350445        1.5084673767105719     
   2017.9507186858316        1.5083799073633546     
   2017.9534565366187        1.5082947806383160     
   2017.9561943874057        1.5082119895545796     
   2017.9589322381930        1.5081315309699379     
   2017.9616700889801        1.5080534048951073     
   2017.9644079397672        1.5079776128508287     
   2017.9671457905542        1.5079041566710778     
   2017.9698836413415        1.5078330378364158     
   2017.9726214921286        1.5077642571549990     
   2017.9753593429157        1.5076978146354505     
   2017.9780971937030        1.5076337094567498     
   2017.9808350444900        1.5110267022571908     
   2017.9835728952771        1.5109753356096933     
   2017.9863107460642        1.5109261141816159     
   2017.9890485968515        1.5108790332587929     
   2017.9917864476386        1.5108340875317139     
   2017.9945242984256        1.5107912711297988     
   2017.9972621492127        1.5107505776520296     
   2018.0000000000000        1.5111235283621034     
   2018.0027378507871        1.5114822779430774     
   2018.0054757015741        1.5114525800876246     
   2018.0082135523614        1.5114249753691746     
   2018.0109514031485        1.5129617857482245     
   2018.0136892539356        1.5129412716026529     
   2018.0164271047227        1.5136847000752658     
   2018.0191649555100        1.5136731214193739     
   2018.0219028062970        1.5136635095676754     
   2018.0246406570841        1.5144960193903771     
   2018.0273785078712        1.5141125315959041     
   2018.0301163586585        1.5141026157589819     
   2018.0328542094455        1.5140946089239689     
   2018.0355920602326        1.5140884992264718     
   2018.0383299110197        1.5140842744989931     
   2018.0410677618070        1.5140819222880670     
   2018.0438056125940        1.5140814298653738     
   2018.0465434633811        1.5094087584079730     
   2018.0492813141684        1.5093892372339961     
   2018.0520191649555        1.5093716445739163     
   2018.0547570157426        1.5093559700501564     
   2018.0574948665296        1.5093422030359076     
   2018.0602327173169        1.5093303326654797     
   2018.0629705681040        1.5093203478440300     
   2018.0657084188911        1.5093122372564927     
   2018.0684462696781        1.5093059893757119     
   2018.0711841204654        1.5093015924698574     
   2018.0739219712525        1.5092990346092137     
   2018.0766598220396        1.5092983036724577     
   2018.0793976728269        1.5092993873525102     
   2018.0821355236139        1.5093022731620644     
   2018.0848733744010        1.5085336601194268     
   2018.0876112251881        1.5085351129546467     
   2018.0903490759754        1.5084015298900013     
   2018.0930869267625        1.5084053312581536     
   2018.0958247775495        1.5084108265077050     
   2018.0985626283366        1.5084180165533243     
   2018.1013004791239        1.5084268958483604     
   2018.1040383299110        1.5084374550168405     
   2018.1067761806980        1.5084496826789493     
   2018.1095140314851        1.5084635663657200     
   2018.1122518822724        1.5084790929702030     
   2018.1149897330595        1.5098709503087711     
   2018.1177275838465        1.5098990904439034     
   2018.1204654346338        1.5099288594279516     
   2018.1232032854209        1.5099602428084240     
   2018.1259411362080        1.5099932260535511     
   2018.1286789869951        1.5100277945450944     
   2018.1314168377824        1.5100639335666897     
   2018.1341546885694        1.5101016282943664     
   2018.1368925393565        1.5101408637912641     
   2018.1396303901436        1.5101816250065740     
   2018.1423682409309        1.5102238967779886     
   2018.1451060917179        1.5102676638366979     
   2018.1478439425050        1.5103129108140660     
   2018.1505817932923        1.5103596222492754     
   2018.1533196440794        1.5104077825974027     
   2018.1560574948664        1.5104573762375733     
   2018.1587953456535        1.5119142914964256     
   2018.1615331964408        1.5119770671243029     
   2018.1642710472279        1.5120412769140752     
   2018.1670088980150        1.5121069051974079     
   2018.1697467488020        1.5121739368594043     
   2018.1724845995893        1.5122423571993140     
   2018.1752224503764        1.5123121516377194     
   2018.1779603011635        1.5123833054616422     
   2018.1806981519505        1.5124558036753264     
   2018.1834360027378        1.5125296309458451     
   2018.1861738535249        1.5126047716101749     
   2018.1889117043120        1.5126812097139894     
   2018.1916495550993        1.5127589290623271     
   2018.1943874058863        1.5128379132709564     
   2018.1971252566734        1.5129181458130541     
   2018.1998631074605        1.5129996100591989     
   2018.2026009582478        1.5130822893104816     
   2018.2053388090349        1.5131661668253371     
   2018.2080766598219        1.5132512258410182     
   2018.2108145106090        1.5127058483909845     
   2018.2135523613963        1.5127924440461973     
   2018.2162902121834        1.5128802082556418     
   2018.2190280629704        1.5129691242615833     
   2018.2217659137577        1.5130591753300353     
   2018.2245037645448        1.5131503447565855     
   2018.2272416153319        1.5132426158712444     
   2018.2299794661189        1.5133359720425372     
   2018.2327173169062        1.5134303966810301     
   2018.2354551676933        1.5135258732424137     
   2018.2381930184804        1.5136223852302750     
   2018.2409308692675        1.5137199161986090     
   2018.2436687200548        1.5138184497541523     
   2018.2464065708418        1.5150588592565959     
   2018.2491444216289        1.5151665534189969     
   2018.2518822724162        1.5152752089354049     
   2018.2546201232033        1.5153848089506672     
   2018.2573579739903        1.5154953366675517     
   2018.2600958247774        1.5156067753494513     
   2018.2628336755647        1.5157191083240353     
   2018.2655715263518        1.5158323189879654     
   2018.2683093771388        1.5159463908121207     
   2018.2710472279259        1.5160613073464537     
   2018.2737850787132        1.5161642563361868     
   2018.2765229295003        1.5162808612417860     
   2018.2792607802874        1.5163982622230812     
   2018.2819986310744        1.5169287778174283     
   2018.2847364818617        1.5170500273499301     
   2018.2874743326488        1.5171720209788742     
   2018.2902121834359        1.5172947425483507     
   2018.2929500342232        1.5174181759873444     
   2018.2956878850102        1.5175423053098080     
   2018.2984257357973        1.5175900208267690     
   2018.3011635865844        1.5177151995030096     
   2018.3039014373717        1.5182588235711620     
   2018.3066392881587        1.5183879211393496     
   2018.3093771389458        1.5183872988479026     
   2018.3121149897329        1.5185165590482879     
   2018.3148528405202        1.5186464027964059     
   2018.3175906913073        1.5187768150037118     
   2018.3203285420943        1.5189077805816396     
   2018.3230663928816        1.5190392844742588     
   2018.3258042436687        1.5191713116778600     
   2018.3285420944558        1.5193038472554674     
   2018.3312799452428        1.5194368763480743     
   2018.3340177960301        1.5195703841833614     
   2018.3367556468172        1.5197043560823871     
   2018.3394934976043        1.5198387774646953     
   2018.3422313483914        1.5199736338522174     
   2018.3449691991786        1.5201089108722994     
   2018.3477070499657        1.5202445942601217     
   2018.3504449007528        1.5200671873712364     
   2018.3531827515399        1.5202018103973245     
   2018.3559206023272        1.5206979109728991     
   2018.3586584531142        1.5208354091589833     
   2018.3613963039013        1.5236247195159636     
   2018.3641341546886        1.5237819935247865     
   2018.3668720054757        1.5239396630974205     
   2018.3696098562627        1.5240977164381024     
   2018.3723477070498        1.5242561416967395     
   2018.3750855578371        1.5244149268095564     
   2018.3778234086242        1.5245740594365680     
   2018.3805612594113        1.5247335269614577     
   2018.3832991101983        1.5248933165259255     
   2018.3860369609856        1.5250534150792951     
   2018.3887748117727        1.5252138094316994     
   2018.3915126625598        1.5253744863045215     
   2018.3942505133471        1.5241476171755486     
   2018.3969883641341        1.5253270893918163     
   2018.3997262149212        1.5254924712088007     
   2018.4024640657083        1.5256581887704099     
   2018.4052019164956        1.5258987749106006     
   2018.4079397672826        1.5260656914438371     
   2018.4106776180697        1.5262329109055206     
   2018.4134154688568        1.5264004216235731     
   2018.4161533196441        1.5505912369489212     
   2018.4188911704312        1.5508468158749011     
   2018.4216290212182        1.5511017137461740     
   2018.4243668720053        1.5513559061263034     
   2018.4271047227926        1.5516093687900030     
   2018.4298425735797        1.5518620777655010     
   2018.4325804243667        1.5521140093768355     
   2018.4353182751540        1.5523651402812306     
   2018.4380561259411        1.5526154475000959     
   2018.4407939767282        1.5528649084438386     
   2018.4435318275152        1.5531135009312771     
   2018.4462696783025        1.5533612032046040     
   2018.4490075290896        1.5536079939407614     
   2018.4517453798767        1.5538538522599648     
   2018.4544832306638        1.5540987577319796     
   2018.4572210814511        1.5543426903806030     
   2018.4599589322381        1.5545856306867354     
   2018.4626967830252        1.5548275595903152     
   2018.4654346338125        1.5550684584913421     
   2018.4681724845996        1.5572084973734945     
   2018.4709103353866        1.5612145716802424     
   2018.4736481861737        1.5614901657017415     
   2018.4763860369610        1.5617647496159348     
   2018.4791238877481        1.5620383042420920     
   2018.4818617385351        1.5623108108695694     
   2018.4845995893222        1.5625822513059686     
   2018.4873374401095        1.5628208156943040     
   2018.4900752908966        1.5630898262870503     
   2018.4928131416837        1.5633577180941791     
   2018.4955509924710        1.5636244750462447     
   2018.4982888432580        1.5638900815649230     
   2018.5010266940451        1.5641545225963180     
   2018.5037645448322        1.5644177835846076     
   2018.5065023956195        1.5646798504198471     
   2018.5092402464065        1.5649407093877470     
   2018.5119780971936        1.5652003471312104     
   2018.5147159479807        1.5654587506242883     
   2018.5174537987680        1.5657159071562479     
   2018.5201916495550        1.5659718043230588     
   2018.5229295003421        1.5662264300240081     
   2018.5256673511292        1.5664797724616806     
   2018.5284052019165        1.5667318201440137     
   2018.5311430527036        1.5669825618875035     
   2018.5338809034906        1.5672319868209428     
   2018.5366187542779        1.5769705798929841     
   2018.5393566050650        1.5772897885046888     
   2018.5420944558521        1.5776080477080967     
   2018.5448323066391        1.5779253422502251     
   2018.5475701574264        1.5782416575448230     
   2018.5503080082135        1.5785569796410355     
   2018.5530458590006        1.5788712951875457     
   2018.5557837097876        1.5791845913981162     
   2018.5585215605749        1.5794968560198044     
   2018.5612594113620        1.5798080773040761     
   2018.5639972621491        1.5801182439807122     
   2018.5667351129364        1.5804273452342827     
   2018.5694729637235        1.5807353706829392     
   2018.5722108145105        1.5810423103592690     
   2018.5749486652976        1.5813481546929680     
   2018.5776865160849        1.5816528944951207     
   2018.5804243668720        1.5819565209438875     
   2018.5831622176590        1.5808422668721880     
   2018.5859000684461        1.5811336316394224     
   2018.5886379192334        1.5814238193010377     
   2018.5913757700205        1.5817128220357561     
   2018.5941136208075        1.5820006323876299     
   2018.5968514715946        1.5822872433065038     
   2018.5995893223819        1.5825726481619791     
   2018.6023271731690        1.5828568407404167     
   2018.6050650239561        1.5831398152317844     
   2018.6078028747434        1.5834215662112276     
   2018.6105407255304        1.5837020886185953     
   2018.6132785763175        1.5839813777379097     
   2018.6160164271046        1.5842594291778869     
   2018.6187542778919        1.5845362388540429     
   2018.6214921286789        1.5848118029725828     
   2018.6242299794660        1.5850198670621827     
   2018.6269678302531        1.5852924715425731     
   2018.6297056810404        1.5855638192574677     
   2018.6324435318274        1.5858339074771024     
   2018.6351813826145        1.5861027337051841     
   2018.6379192334018        1.5863702956697883     
   2018.6406570841889        1.5866365913148086     
   2018.6433949349760        1.5869016187926277     
   2018.6461327857630        1.5880778877073043     
   2018.6488706365503        1.5841421812422491     
   2018.6516084873374        1.5843814061071271     
   2018.6543463381245        1.5846193048193404     
   2018.6570841889115        1.5848558783091611     
   2018.6598220396988        1.5850911276532940     
   2018.6625598904859        1.5853250539958645     
   2018.6652977412730        1.5855576585058231     
   2018.6680355920601        1.5857889423736995     
   2018.6707734428473        1.5860189068358408     
   2018.6735112936344        1.5862475532115916     
   2018.6762491444215        1.5864748829422202     
   2018.6789869952088        1.5867008976249888     
   2018.6817248459959        1.5869255990394879     
   2018.6844626967829        1.5871489891657797     
   2018.6872005475700        1.5873710701951214     
   2018.6899383983573        1.5878108874460664     
   2018.6926762491444        1.5880316261874561     
   2018.6954140999314        1.5882510625652371     
   2018.6981519507185        1.5877430492091151     
   2018.7008898015058        1.5879548130899677     
   2018.7036276522929        1.5881652666471737     
   2018.7063655030800        1.5883744136314311     
   2018.7091033538672        1.5885822579401006     
   2018.7118412046543        1.5878224255904676     
   2018.7145790554414        1.5880206638526813     
   2018.7173169062285        1.5882175818775068     
   2018.7200547570158        1.5884131841690108     
   2018.7227926078028        1.5886074751547579     
   2018.7255304585899        1.5888004591714715     
   2018.7282683093770        1.5889921405394811     
   2018.7310061601643        1.5891825236682477     
   2018.7337440109513        1.5893716131457203     
   2018.7364818617384        1.5895594137940914     
   2018.7392197125257        1.5897459306937198     
   2018.7419575633128        1.5899311691839983     
   2018.7446954140999        1.5901151348501672     
   2018.7474332648869        1.5902978335030160     
   2018.7501711156742        1.5893972270434413     
   2018.7529089664613        1.5895706255698312     
   2018.7556468172484        1.5897427694404993     
   2018.7583846680354        1.5899136658097506     
   2018.7611225188227        1.5900833219593082     
   2018.7638603696098        1.5902517452825236     
   2018.7665982203969        1.5904189432695743     
   2018.7693360711839        1.5905849234938139     
   2018.7720739219712        1.5907496935998164     
   2018.7748117727583        1.5909132612935721     
   2018.7775496235454        1.5910756343349270     
   2018.7802874743327        1.5912368205320715     
   2018.7830253251198        1.5913968277376296     
   2018.7857631759068        1.5915556638458959     
   2018.7885010266939        1.5917133367907883     
   2018.7912388774812        1.5918698545441670     
   2018.7939767282683        1.5920252251142959     
   2018.7967145790553        1.5921794565442740     
   2018.7994524298424        1.5923325569103688     
   2018.8021902806297        1.5924845343201941     
   2018.8049281314168        1.5924497715361130     
   2018.8076659822038        1.5925983341370582     
   2018.8104038329911        1.5927457965455476     
   2018.8131416837782        1.5928921670825564     
   2018.8158795345653        1.5930374540903083     
   2018.8186173853524        1.5931816659297224     
   2018.8213552361397        1.5933248109776774     
   2018.8240930869267        1.5934668976240234     
   2018.8268309377138        1.5936079342684233     
   2018.8295687885009        1.5937479293172365     
   2018.8323066392882        1.5938868911806376     
   2018.8350444900752        1.5940248282700649     
   2018.8377823408623        1.5941617489960032     
   2018.8405201916494        1.5942976617660365     
   2018.8432580424367        1.5944325749830779     
   2018.8459958932237        1.5945664970437010     
   2018.8487337440108        1.5946994363365070     
   2018.8514715947981        1.5948314012404901     
   2018.8542094455852        1.5949624001233806     
   2018.8569472963723        1.5950924413399608     
   2018.8596851471593        1.5952215332303490     
   2018.8624229979466        1.5953496841182710     
   2018.8651608487337        1.5963990630737621     
   2018.8678986995208        1.5965321806357002     
   2018.8706365503078        1.5966644143217272     
   2018.8733744010951        1.5967957724514932     
   2018.8761122518822        1.5969262637474875     
   2018.8788501026693        1.5970558972686439     
   2018.8815879534566        1.5969710071744827     
   2018.8843258042436        1.5970969162025646     
   2018.8870636550307        1.5972220056417137     
   2018.8898015058178        1.5973462795950555     
   2018.8925393566051        1.5974697427900444     
   2018.8952772073922        1.5975924005585285     
   2018.8980150581792        1.5977142586626698     
   2018.9007529089663        1.5981785718285226     
   2018.9034907597536        1.5983013897973837     
   2018.9062286105407        1.5984234388249048     
   2018.9089664613277        1.5985447254337237     
   2018.9117043121150        1.5986652563743617     
   2018.9144421629021        1.5987850385657303     
   2018.9171800136892        1.5989040789936013     
   2018.9199178644762        1.5990223846243685     
   2018.9226557152635        1.5991399623532903     
   2018.9253935660506        1.5992568189823795     
   2018.9281314168377        1.5993729612169278     
   2018.9308692676248        1.5994883956714037     
   2018.9336071184121        1.5996031288788179     
   2018.9363449691991        1.5997171673003345     
   2018.9390828199862        1.5998305173336924     
   2018.9418206707733        1.6008977889948319     
   2018.9445585215606        1.6010166194165991     
   2018.9472963723476        1.6011348073189486     
   2018.9500342231347        1.6014269300985395     
   2018.9527720739220        1.6015449977533494     
   2018.9555099247091        1.6016624428051500     
   2018.9582477754961        1.6017792711775809     
   2018.9609856262832        1.6018954888706187     
   2018.9637234770705        1.6019900120714841     
   2018.9664613278576        1.6021049165487562     
   2018.9691991786447        1.6022192286652781     
   2018.9719370294317        1.6023329542698446     
   2018.9746748802190        1.6024460990930416     
   2018.9774127310061        1.6025586687402549     
   2018.9801505817932        1.6026706686915615     
   2018.9828884325805        1.6027821043057329     
   2018.9856262833675        1.6028929808263650     
   2018.9883641341546        1.6030033033888484     
   2018.9911019849417        1.6031130770273858     
   2018.9938398357290        1.6046336225872861     
   2018.9965776865160        1.6047524202058385     
   2018.9993155373031        1.6048707241611460     
   2019.0020533880902        1.6049885393703245     
   2019.0047912388775        1.6051058708665833     
   2019.0075290896646        1.6112234449221454     
   2019.0102669404516        1.6113776252782956     
   2019.0130047912387        1.6115313752084157     
   2019.0157426420260        1.6116846956426292     
   2019.0184804928131        1.6118375872731896     
   2019.0212183436001        1.6119900505687181     
   2019.0239561943874        1.6121420858037578     
   2019.0266940451745        1.6122936930955902     
   2019.0294318959616        1.6124448724401605     
   2019.0321697467487        1.6125956237413090     
   2019.0349075975359        1.6127459468307843     
   2019.0376454483230        1.6128958414792625     
   2019.0403832991101        1.6130453074001605     
   2019.0431211498972        1.6131943442485337     
   2019.0458590006845        1.6133429516172160     
   2019.0485968514715        1.6134911290318841     
   2019.0513347022586        1.6136388759462297     
   2019.0540725530459        1.6137861917379424     
   2019.0568104038330        1.6139330757058616     
   2019.0595482546200        1.6140795270684136     
   2019.0622861054071        1.6142255449632827     
   2019.0650239561944        1.6143711284481954     
   2019.0677618069815        1.6145162765026351     
   2019.0704996577686        1.6146609880303193     
   2019.0732375085556        1.6133000748068547     
   2019.0759753593429        1.6134327749745814     
   2019.0787132101300        1.6135649731325536     
   2019.0814510609171        1.6136966661647936     
   2019.0841889117041        1.6138278514768376     
   2019.0869267624914        1.6139585269699992     
   2019.0896646132785        1.6140886909604726     
   2019.0924024640656        1.6142183420851735     
   2019.0951403148529        1.6143474792146990     
   2019.0978781656399        1.6144761013809676     
   2019.1006160164270        1.6162158788495511     
   2019.1033538672141        1.6163535299897120     
   2019.1060917180014        1.6164906724791788     
   2019.1088295687885        1.6166273045944839     
   2019.1115674195755        1.6167634246121614     
   2019.1143052703626        1.6168990308050333     
   2019.1170431211499        1.6170341214406940     
   2019.1197809719370        1.6171686947806116     
   2019.1225188227240        1.6173027490791048     
   2019.1252566735113        1.6174362825820618     
   2019.1279945242984        1.6175692935255941     
   2019.1307323750855        1.6177017801348985     
   2019.1334702258725        1.6178337406235515     
   2019.1362080766598        1.6179651731933837     
   2019.1389459274469        1.6180960760349847     
   2019.1416837782340        1.6182264473288106     
   2019.1444216290211        1.6183562852468496     
   2019.1471594798084        1.6184855879547391     
   2019.1498973305954        1.6186143536142481     
   2019.1526351813825        1.6187425803860320     
   2019.1553730321698        1.6188702664325687     
   2019.1581108829569        1.6189974099212128     
   2019.1608487337439        1.6191240090272865     
   2019.1635865845310        1.6192500619371826     
   2019.1663244353183        1.6193755668514211     
   2019.1690622861054        1.6195005219876346     
   2019.1718001368924        1.6196249255834680     
   2019.1745379876795        1.6197487758993625     
   2019.1772758384668        1.6193993895215808     
   2019.1800136892539        1.6195212758048727     
   2019.1827515400410        1.6196426304517721     
   2019.1854893908280        1.6197634518842166     
   2019.1882272416153        1.6198837385500189     
   2019.1909650924024        1.6200034889250130     
   2019.1937029431895        1.6201227015150759     
   2019.1964407939768        1.6202413748580351     
   2019.1991786447638        1.6205701030631752     
   2019.2019164955509        1.6206899008389724     
   2019.2046543463380        1.6208090728353797     
   2019.2073921971253        1.6209276591778328     
   2019.2101300479123        1.6210456768590544     
   2019.2128678986994        1.6211631345484185     
   2019.2156057494865        1.6218196676209580     
   2019.2183436002738        1.6219404074587402     
   2019.2210814510609        1.6220606758891123     
   2019.2238193018479        1.6221804616075182     
   2019.2265571526352        1.6298792379910521     
   2019.2292950034223        1.6300477282159791     
   2019.2320328542094        1.6302158104678586     
   2019.2347707049964        1.6303834767742666     
   2019.2375085557837        1.6305507203025635     
   2019.2402464065708        1.6307175351040937     
   2019.2429842573579        1.6308839159175177     
   2019.2457221081449        1.6310498580076167     
   2019.2484599589322        1.6312153570289918     
   2019.2511978097193        1.6313804089113533     
   2019.2539356605064        1.6315450097653936     
   2019.2566735112935        1.6319961295066470     
   2019.2594113620808        1.6321612209919893     
   2019.2621492128678        1.6323258437990249     
   2019.2648870636549        1.6324899939787967     
   2019.2676249144422        1.6326536675454297     
   2019.2703627652293        1.6328168604660140     
   2019.2731006160163        1.6329795686564796     
   2019.2758384668034        1.6331417879818524     
   2019.2785763175907        1.6333035142595673     
   2019.2813141683778        1.6334647432648519     
   2019.2840520191648        1.6336254707374067     
   2019.2867898699519        1.6337856923888174     
   2019.2895277207392        1.6339454039102874     
   2019.2922655715263        1.6341046009804006     
   2019.2950034223134        1.6342632792727050     
   2019.2977412731007        1.6347623682709012     
   2019.3004791238877        1.6349225545174568     
   2019.3032169746748        1.6350822220750549     
   2019.3059548254619        1.6352413669348582     
   2019.3086926762492        1.6353999853895083     
   2019.3114305270362        1.6355580738835365     
   2019.3141683778233        1.6357156288522987     
   2019.3169062286104        1.6358726466326670     
   2019.3196440793977        1.6360291234405153     
   2019.3223819301847        1.6361850553863930     
   2019.3251197809718        1.6363404385063238     
   2019.3278576317589        1.6364952687947933     
   2019.3305954825462        1.6366495422341567     
   2019.3333333333333        1.6368032548187239     
   2019.3360711841203        1.6369564025735595     
   2019.3388090349076        1.6371089815687803     
   2019.3415468856947        1.6372609879302185     
   2019.3442847364818        1.6374124178473293     
   2019.3470225872688        1.6375632675789866     
   2019.3497604380561        1.6373135322049994     
   2019.3524982888432        1.6374603003268713     
   2019.3552361396303        1.6376064649302233     
   2019.3579739904173        1.6377520226869624     
   2019.3607118412046        1.6374512784717090     
   2019.3634496919917        1.6375923133340231     
   2019.3661875427788        1.6377327146595182     
   2019.3689253935661        1.6378724784971641     
   2019.3716632443532        1.6380116010197250     
   2019.3744010951402        1.6381500786424630     
   2019.3771389459273        1.6382879080685506     
   2019.3798767967146        1.6384250862897360     
   2019.3826146475017        1.6385616105646696     
   2019.3853524982887        1.6386974783890533     
   2019.3880903490758        1.6388326874652499     
   2019.3908281998631        1.6389672356749097     
   2019.3935660506502        1.6391011210558650     
   2019.3963039014372        1.6392343417833863     
   2019.3990417522245        1.6393668961553503     
   2019.4017796030116        1.6394987825807328     
   2019.4045174537987        1.6396299995707815     
   2019.4072553045858        1.6397605457323337     
   2019.4099931553731        1.6398904197627844     
   2019.4127310061601        1.6400196204463462     
   2019.4154688569472        1.6401481466512711     
   2019.4182067077343        1.6402759973278136     
   2019.4209445585216        1.6404031715067333     
   2019.4236824093086        1.6405296682982053     
   2019.4264202600957        1.6406554868910190     
   2019.4291581108828        1.6407806265519835     
   2019.4318959616701        1.6409050866254826     
   2019.4346338124572        1.6410288665331185     
   2019.4373716632442        1.6411519657734202     
   2019.4401095140315        1.6412743839215753     
   2019.4428473648186        1.6413961206291838     
   2019.4455852156057        1.6415171756239988     
   2019.4483230663927        1.6416375487096559     
   2019.4510609171800        1.6417572397653806     
   2019.4537987679671        1.6418762487456702     
   2019.4565366187542        1.6419945756799339     
   2019.4592744695412        1.6421122206721166     
   2019.4620123203285        1.6422291839002721     
   2019.4647501711156        1.6423454656161049     
   2019.4674880219027        1.6424610661444867     
   2019.4702258726900        1.6425759858829247     
   2019.4729637234771        1.6426902253010034     
   2019.4757015742641        1.6428037849397938     
   2019.4784394250512        1.6429166654112299     
   2019.4811772758385        1.6429210056990997     
   2019.4839151266256        1.6430316980178143     
   2019.4866529774126        1.6431417083029769     
   2019.4893908281997        1.6432510367736999     
   2019.4921286789870        1.6433596837033626     
   2019.4948665297741        1.6434011513703519     
   2019.4976043805611        1.6432853633397833     
   2019.5003422313482        1.6433912646582209     
   2019.5030800821355        1.6434964992561456     
   2019.5058179329226        1.6436010685133666     
   2019.5085557837097        1.6437049738704257     
   2019.5112936344970        1.6438082168151904     
   2019.5140314852840        1.6439107988839778     
   2019.5167693360711        1.6440127216659541     
   2019.5195071868582        1.6441139868060335     
   2019.5222450376455        1.6442145960055543     
   2019.5249828884325        1.6437565874063793     
   2019.5277207392196        1.6438573713121225     
   2019.5304585900067        1.6439575244351321     
   2019.5331964407940        1.6440570481771557     
   2019.5359342915810        1.6441559439928106     
   2019.5386721423681        1.6442542133882192     
   2019.5414099931554        1.6443518579198257     
   2019.5441478439425        1.6444488791934002     
   2019.5468856947296        1.6445452788631649     
   2019.5496235455166        1.6446410586310165     
   2019.5523613963039        1.6447362202458096     
   2019.5550992470910        1.6452216970735198     
   2019.5578370978781        1.6453188892588224     
   2019.5605749486651        1.6454155363235310     
   2019.5633127994524        1.6455116227212201     
   2019.5660506502395        1.6456071392884417     
   2019.5687885010266        1.6457020811451482     
   2019.5715263518136        1.6457964460459356     
   2019.5742642026009        1.6458902333618033     
   2019.5770020533880        1.6459834434769141     
   2019.5797399041751        1.6460760774289691     
   2019.5824777549624        1.6461681366903362     
   2019.5852156057495        1.6462596230315405     
   2019.5879534565365        1.6463505384340023     
   2019.5906913073236        1.6464408850329457     
   2019.5934291581109        1.6465306650792071     
   2019.5961670088980        1.6465980660956037     
   2019.5989048596850        1.6466865629987628     
   2019.6016427104721        1.6467744999312424     
   2019.6043805612594        1.6468618794196401     
   2019.6071184120465        1.6469487040317263     
   2019.6098562628335        1.6470349763696783     
   2019.6125941136208        1.6471206990653804     
   2019.6153319644079        1.6472058747779150     
   2019.6180698151950        1.6472905061924763     
   2019.6208076659821        1.6473745960198336     
   2019.6235455167694        1.6474581469958083     
   2019.6262833675564        1.6475411618805635     
   2019.6290212183435        1.6476236434576967     
   2019.6317590691306        1.6477055945331864     
   2019.6344969199179        1.6477870179342671     
   2019.6372347707049        1.6478679165082843     
   2019.6399726214920        1.6479482931215721     
   2019.6427104722793        1.6480281506583561     
   2019.6454483230664        1.6481074920197161     
   2019.6481861738534        1.6481863201225908     
   2019.6509240246405        1.6482646378988304     
   2019.6536618754278        1.6483424482942959     
   2019.6563997262149        1.6484197542679924     
   2019.6591375770020        1.6484965587912417     
   2019.6618754277890        1.6485728648468787     
   2019.6646132785763        1.6486486754284775     
   2019.6673511293634        1.6487239935395990     
   2019.6700889801505        1.6477134446046680     
   2019.6728268309375        1.6477828698531514     
   2019.6755646817248        1.6478518428000546     
   2019.6783025325119        1.6479203672352378     
   2019.6810403832990        1.6479884469462052     
   2019.6837782340863        1.6480560857170743     
   2019.6865160848733        1.6481232873275773     
   2019.6892539356604        1.6481900555520852     
   2019.6919917864475        1.6482563941586419     
   2019.6947296372348        1.6483223069080311     
   2019.6974674880219        1.6483877975528503     
   2019.7002053388089        1.6484528698366063     
   2019.7029431895960        1.6485175274928161     
   2019.7056810403833        1.6485817742441278     
   2019.7084188911704        1.6486456138014507     
   2019.7111567419574        1.6487090498630959     
   2019.7138945927447        1.6487720861139414     
   2019.7166324435318        1.6488347262246195     
   2019.7193702943189        1.6488969738507198     
   2019.7221081451059        1.6489588326320361     
   2019.7248459958932        1.6490203061918303     
   2019.7275838466803        1.6490813981361410     
   2019.7303216974674        1.6491421120531160     
   2019.7330595482545        1.6492024515123807     
   2019.7357973990418        1.6492624200644372     
   2019.7385352498288        1.6493220212400996     
   2019.7412731006159        1.6493812585499510     
   2019.7440109514030        1.6494401354838246     
   2019.7467488021903        1.6494986555103281     
   2019.7494866529773        1.6495568220763703     
   2019.7522245037644        1.6509384710767130     
   2019.7549623545517        1.6510041035854488     
   2019.7577002053388        1.6510693970820709     
   2019.7604380561258        1.6511343540791614     
   2019.7631759069129        1.6511989770609179     
   2019.7659137577002        1.6512632684834343     
   2019.7686516084873        1.6513272307755291     
   2019.7713894592744        1.6513908663404033     
   2019.7741273100614        1.6514541775579439     
   2019.7768651608487        1.6515171667871984     
   2019.7796030116358        1.6515798363684342     
   2019.7823408624229        1.6516421886244073     
   2019.7850787132102        1.6517042258606980     
   2019.7878165639972        1.6517659503652069     
   2019.7905544147843        1.6518273644070236     
   2019.7932922655714        1.6518884702348993     
   2019.7960301163587        1.6519492700755707     
   2019.7987679671457        1.6520097661321029     
   2019.8015058179328        1.6520699605823725     
   2019.8042436687199        1.6521298555777759     
   2019.8069815195072        1.6521894532421915     
   2019.8097193702943        1.6522487556712075     
   2019.8124572210813        1.6523077649315943     
   2019.8151950718684        1.6523664830610103     
   2019.8179329226557        1.6524249120679071     
   2019.8206707734428        1.6524830539315987     
   2019.8234086242298        1.6525409106024744     
   2019.8261464750171        1.6525984840023245     
   2019.8288843258042        1.6526557760247527     
   2019.8316221765913        1.6527127885356587     
   2019.8343600273784        1.6527695233737718     
   2019.8370978781657        1.6531062354336006     
   2019.8398357289527        1.6530251318030955     
   2019.8425735797398        1.6530793156258097     
   2019.8453114305269        1.6531332142704542     
   2019.8480492813142        1.6531868297335497     
   2019.8507871321012        1.6532401639605356     
   2019.8535249828883        1.6532932188304192     
   2019.8562628336756        1.6533459961598642     
   2019.8590006844627        1.6533984977214335     
   2019.8617385352497        1.6534507252636772     
   2019.8644763860368        1.6535026805259374     
   2019.8672142368241        1.6520564018792829     
   2019.8699520876112        1.6521084184099539     
   2019.8726899383983        1.6521602533395869     
   2019.8754277891853        1.6522119075728230     
   2019.8781656399726        1.6522633819948718     
   2019.8809034907597        1.6523146774696178     
   2019.8836413415468        1.6523657948379864     
   2019.8863791923341        1.6524167349166796     
   2019.8891170431211        1.6524674984973284     
   2019.8918548939082        1.6525180863459967     
   2019.8945927446953        1.6525684992030316     
   2019.8973305954826        1.6526187377831580     
   2019.9000684462696        1.6526688027757994     
   2019.9028062970567        1.6527186948455721     
   2019.9055441478438        1.6527684146328927     
   2019.9082819986311        1.6528179627546942     
   2019.9110198494182        1.6528673398052132     
   2019.9137577002052        1.6529165463568112     
   2019.9164955509923        1.6529655829608521     
   2019.9192334017796        1.6530144501485755     
   2019.9219712525667        1.6530631484319953     
   2019.9247091033537        1.6531116783047910     
   2019.9274469541410        1.6531600402431976     
   2019.9301848049281        1.6532082347068855     
   2019.9329226557152        1.6532562621398255     
   2019.9356605065022        1.6533041229711380     
   2019.9383983572895        1.6533518176159239     
   2019.9411362080766        1.6533993464760781     
   2019.9438740588637        1.6534467099410795     
   2019.9466119096508        1.6534939083887570     
   2019.9493497604381        1.6535409421860445     
   2019.9520876112251        1.6535878116896974     
   2019.9548254620122        1.6536345172470011     
   2019.9575633127995        1.6536810591964475     
   2019.9603011635866        1.6537274378683944     
   2019.9630390143736        1.6537736535857035     
   2019.9657768651607        1.6538197066643505     
   2019.9685147159480        1.6538655974140191     
   2019.9712525667351        1.6539113261386733     
   2019.9739904175221        1.6539568931371065     
   2019.9767282683092        1.6543812110889027     
   2019.9794661190965        1.6544294386704510     
   2019.9822039698836        1.6542076892359852     
   2019.9849418206707        1.6528690995211381     
   2019.9876796714577        1.6529223979718697     
   2019.9904175222450        1.6529756127022706     
   2019.9931553730321        1.6530287402121444     
   2019.9958932238192        1.6530817769351986     
   2019.9986310746065        1.6531347195680812     
   2020.0013689253935        1.6531875651580865     
   2020.0041067761806        1.6532403110942897     
   2020.0068446269677        1.6532929550663553     
   2020.0095824777550        1.6533454950173803     
   2020.0123203285420        1.6533979291005139     
   2020.0150581793291        1.6512581508775839     
   2020.0177960301162        1.6513214677228547     
   2020.0205338809035        1.6513846393795526     
   2020.0232717316906        1.6501135025033815     
   2020.0260095824776        1.6511329451872483     
   2020.0287474332649        1.6512035343141100     
   2020.0314852840520        1.6512741010077705     
   2020.0342231348391        1.6513446529095832     
   2020.0369609856261        1.6514151943636959     
   2020.0396988364134        1.6514857257281279     
   2020.0424366872005        1.6515562446130976     
   2020.0451745379876        1.6516267471522350     
   2020.0479123887746        1.6516972288563960     
   2020.0506502395619        1.6517676851005865     
   2020.0533880903490        1.6518381113733747     
   2020.0561259411361        1.6519085033896037     
   2020.0588637919232        1.6519788571294163     
   2020.0616016427105        1.6520491688397996     
   2020.0643394934975        1.6521194350185087     
   2020.0670773442846        1.6521896523909363     
   2020.0698151950719        1.6522598178853503     
   2020.0725530458590        1.6530410077685613     
   2020.0752908966460        1.6523267931567198     
   2020.0780287474331        1.6524052989700080     
   2020.0807665982204        1.6524838309581402     
   2020.0835044490075        1.6525623799212226     
   2020.0862422997945        1.6526409373182065     
   2020.0889801505816        1.6527194956020292     
   2020.0917180013689        1.6527980481944966     
   2020.0944558521560        1.6528765893522761     
   2020.0971937029431        1.6529551140181216     
   2020.0999315537304        1.6530336176884113     
   2020.1026694045174        1.6531120963041892     
   2020.1054072553045        1.6531905461644687     
   2020.1081451060916        1.6532689638582079     
   2020.1108829568789        1.6533473462111745     
   2020.1136208076659        1.6534256902443722     
   2020.1163586584530        1.6535039931414315     
   2020.1190965092401        1.6535822522228578     
   2020.1218343600274        1.6536604649255993     
   2020.1245722108144        1.6537386287867024     
   2020.1273100616015        1.6538167414301697     
   2020.1300479123888        1.6538948005563068     
   2020.1327857631759        1.6539728039330213     
   2020.1355236139630        1.6540507493886871     
   2020.1382614647500        1.6541286348062425     
   2020.1409993155373        1.6542064581182658     
   2020.1437371663244        1.6542842173028660     
   2020.1464750171115        1.6543619103802025     
   2020.1492128678985        1.6544395354095434     
   2020.1519507186858        1.6545170904867494     
   2020.1546885694729        1.6545945737421146     
   2020.1574264202600        1.6546719833384955     
   2020.1601642710471        1.6547493174696963     
   2020.1629021218343        1.6548265743590409     
   2020.1656399726214        1.6549037522581331     
   2020.1683778234085        1.6549808494457452     
   2020.1711156741958        1.6550578642268476     
   2020.1738535249829        1.6551347949317188     
   2020.1765913757699        1.6552116399151640     
   2020.1793292265570        1.6552883975558002     
   2020.1820670773443        1.6553650662554058     
   2020.1848049281314        1.6554416444383320     
   2020.1875427789184        1.6513554850792054     
   2020.1902806297055        1.6514484554738380     
   2020.1930184804928        1.6515413779595640     
   2020.1957563312799        1.6516342478632760     
   2020.1984941820670        1.6517270605986072     
   2020.2012320328543        1.6518198116647647     
   2020.2039698836413        1.6519124966453764     
   2020.2067077344284        1.6520051112073517     
   2020.2094455852155        1.6520976510997403     
   2020.2121834360028        1.6521901121526095     
   2020.2149212867898        1.6522824902759159     
   2020.2176591375769        1.6523747814584016     
   2020.2203969883640        1.6524669817664785     
   2020.2231348391513        1.6525590873431362     
   2020.2258726899383        1.6526510944068500     
   2020.2286105407254        1.6527429992504934     
   2020.2313483915125        1.6528347982402718     
   2020.2340862422998        1.6529264878146455     
   2020.2368240930869        1.6530180644832797     
   2020.2395619438739        1.6531095248259917     
   2020.2422997946612        1.6532008654917094     
   2020.2450376454483        1.6532920831974431     
   2020.2477754962354        1.6533831747272614     
   2020.2505133470224        1.6534741369312806     
   2020.2532511978097        1.6535649667246637     
   2020.2559890485968        1.6536556610866264     
   2020.2587268993839        1.6512914753206569     
   2020.2614647501709        1.6513888437240156     
   2020.2642026009582        1.6514861469483844     
   2020.2669404517453        1.6515833800175723     
   2020.2696783025324        1.6516805380384691     
   2020.2724161533197        1.6517776162005262     
   2020.2751540041068        1.6518746097752048     
   2020.2778918548938        1.6519715141154141     
   2020.2806297056809        1.6520683246549148     
   2020.2833675564682        1.6521650369077099     
   2020.2861054072553        1.6522616464674185     
   2020.2888432580423        1.6523581490066199     
   2020.2915811088294        1.6524545402762005     
   2020.2943189596167        1.6525508161046674     
   2020.2970568104038        1.6526469723974582     
   2020.2997946611908        1.6527430051362386     
   2020.3025325119779        1.6528389103781813     
   2020.3052703627652        1.6529346842552428     
   2020.3080082135523        1.6530303229734233     
   2020.3107460643394        1.6531258228120249     
   2020.3134839151267        1.6532211801228947     
   2020.3162217659137        1.6533163913296685     
   2020.3189596167008        1.6534114529270025     
   2020.3216974674879        1.6532170607371814     
   2020.3244353182752        1.6533110924697738     
   2020.3271731690622        1.6534049798499857     
   2020.3299110198493        1.6523495105789932     
   2020.3326488706364        1.6524354766759828     
   2020.3353867214237        1.6525212723600435     
   2020.3381245722107        1.6526068952595339     
   2020.3408624229978        1.6526923430503202     
   2020.3436002737851        1.6527776134442433     
   2020.3463381245722        1.6528627041821795     
   2020.3490759753593        1.6529476130331640     
   2020.3518138261463        1.6530323377985074     
   2020.3545516769336        1.6531168763188748     
   2020.3572895277207        1.6532012264822755     
   2020.3600273785078        1.6532853862315626     
   2020.3627652292948        1.6533693535706009     
   2020.3655030800821        1.6534531265688295     
   2020.3682409308692        1.6535367033642197     
   2020.3709787816563        1.6536200821648188     
   2020.3737166324436        1.6537032612491351     
   2020.3764544832306        1.6537862389656344     
   2020.3791923340177        1.6538690137315784     
   2020.3819301848048        1.6539515840314067     
   2020.3846680355921        1.6540339484148383     
   2020.3874058863792        1.6541161054947935     
   2020.3901437371662        1.6562841143055977     
   2020.3928815879533        1.6563575451860264     
   2020.3956194387406        1.6564307418977249     
   2020.3983572895277        1.6565037048536466     
   2020.4010951403147        1.6565764344868952     
   2020.4038329911018        1.6566489312492156     
   2020.4065708418891        1.6567211956095755     
   2020.4093086926762        1.6567932280528650     
   2020.4120465434632        1.6568650290786786     
   2020.4147843942505        1.6569365992002010     
   2020.4175222450376        1.6570079389431716     
   2020.4202600958247        1.6570790488449418     
   2020.4229979466118        1.6571499294535927     
   2020.4257357973991        1.6572205813271292     
   2020.4284736481861        1.6572910050327343     
   2020.4312114989732        1.6510149152804390     
   2020.4339493497603        1.6511141719138391     
   2020.4366872005476        1.6512131741822771     
   2020.4394250513346        1.6497386304588360     
   2020.4421629021217        1.6498392616640514     
   2020.4449007529090        1.6499397092113919     
   2020.4476386036961        1.6500399695788350     
   2020.4503764544831        1.6501400393283863     
   2020.4531143052702        1.6502399151047387     
   2020.4558521560575        1.6503395936339809     
   2020.4585900068446        1.6504390717223130     
   2020.4613278576317        1.6505383462547822     
   2020.4640657084187        1.6506374141940456     
   2020.4668035592060        1.6507362725791492     
   2020.4695414099931        1.6508349185243154     
   2020.4722792607802        1.6509333492177594     
   2020.4750171115672        1.6510315619205098     
   2020.4777549623545        1.6511295539652531     
   2020.4804928131416        1.6512273227551857     
   2020.4832306639287        1.6513248657628841     
   2020.4859685147160        1.6514221805291811     
   2020.4887063655030        1.6515192646620696     
   2020.4914442162901        1.6516161158356026     
   2020.4941820670772        1.6517443414786401     
   2020.4969199178645        1.6518406732190540     
   2020.4996577686516        1.6519367638460334     
   2020.5023956194386        1.6520326113123662     
   2020.5051334702257        1.6521282136316848     
   2020.5078713210130        1.6518079678339679     
   2020.5106091718001        1.6519032653639838     
   2020.5133470225871        1.6519983356869086     
   2020.5160848733744        1.6520931768116875     
   2020.5188227241615        1.6521877867987569     
   2020.5215605749486        1.6522821637593015     
   2020.5242984257357        1.6523763058545182     
   2020.5270362765229        1.6524702112948952     
   2020.5297741273100        1.6525638783394891     
   2020.5325119780971        1.6526573052952171     
   2020.5352498288842        1.6527504905161565     
   2020.5379876796715        1.6527069839895718     
   2020.5407255304585        1.6528002049568074     
   2020.5434633812456        1.6528931815107299     
   2020.5462012320327        1.6529859120770956     
   2020.5489390828200        1.6530783951275834     
   2020.5516769336070        1.6531706291791104     
   2020.5544147843941        1.6532626127931587     
   2020.5571526351814        1.6533543445751109     
   2020.5598904859685        1.6534458231735847     
   2020.5626283367556        1.6535370472797830     
   2020.5653661875426        1.6536280156268433     
   2020.5681040383299        1.6537187269891982     
   2020.5708418891170        1.6538091801819346     
   2020.5735797399041        1.6538993740601717     
   2020.5763175906911        1.6477646711670606     
   2020.5790554414784        1.6478519487655676     
   2020.5817932922655        1.6479393279266696     
   2020.5845311430526        1.6480268056038252     
   2020.5872689938399        1.6481143786936587     
   2020.5900068446269        1.6400370920659813     
   2020.5927446954140        1.6401428939489788     
   2020.5954825462011        1.6355525870253473     
   2020.5982203969884        1.6356704385564873     
   2020.6009582477755        1.6357888413221626     
   2020.6036960985625        1.6312558837887572     
   2020.6064339493496        1.6313786578777574     
   2020.6091718001369        1.6315021976583435     
   2020.6119096509240        1.6316264864925820     
   2020.6146475017110        1.6317515077455900     
   2020.6173853524983        1.6306739918407640     
   2020.6201232032854        1.6307980522759775     
   2020.6228610540725        1.6309228630416035     
   2020.6255989048595        1.6310484077690255     
   2020.6283367556468        1.6311746701046115     
   2020.6310746064339        1.6313016337163622     
   2020.6338124572210        1.6309701856492727     
   2020.6365503080081        1.6310974648146472     
   2020.6392881587954        1.6312254215074946     
   2020.6420260095824        1.6313540396521966     
   2020.6447638603695        1.6314833032160720     
   2020.6475017111566        1.6316131962148683     
   2020.6502395619439        1.6317437027180759     
   2020.6529774127309        1.6318748068540514     
   2020.6557152635180        1.6320064928149693     
   2020.6584531143053        1.6321387448615952     
   2020.6611909650924        1.6322715473278797     
   2020.6639288158794        1.6324048846253922     
   2020.6666666666665        1.6325387412475729     
   2020.6694045174538        1.6326731017738310     
   2020.6721423682409        1.6328079508734703     
   2020.6748802190280        1.6329432733094611     
   2020.6776180698150        1.6330790539420552     
   2020.6803559206023        1.6332152777322380     
   2020.6830937713894        1.6333519297450441     
   2020.6858316221765        1.6334889951527072     
   2020.6885694729638        1.6336264592376841     
   2020.6913073237508        1.6337643073955166     
   2020.6940451745379        1.6338027211371875     
   2020.6967830253250        1.6339415744590540     
   2020.6995208761123        1.6340807720522865     
   2020.7022587268993        1.6342202996990469     
   2020.7049965776864        1.6343601433078994     
   2020.7077344284735        1.6345002889159177     
   2020.7104722792608        1.6346407226906532     
   2020.7132101300479        1.6347814309319979     
   2020.7159479808349        1.6349224000739251     
   2020.7186858316220        1.6350636166861165     
   2020.7214236824093        1.6352050674754763     
   2020.7241615331964        1.6353467392875425     
   2020.7268993839834        1.6354886191077938     
   2020.7296372347707        1.6356306940628464     
   2020.7323750855578        1.6357729514215593     
   2020.7351129363449        1.6359153785960441     
   2020.7378507871319        1.6360579631425727     
   2020.7405886379192        1.6301245928305215     
   2020.7433264887063        1.6302856271002633     
   2020.7460643394934        1.6301971859649373     
   2020.7488021902805        1.6303585776764411     
   2020.7515400410678        1.6305202474517482     
   2020.7542778918548        1.6306821785248449     
   2020.7570157426419        1.6308443543381106     
   2020.7597535934292        1.6310067585432098     
   2020.7624914442163        1.6311693750018454     
   2020.7652292950033        1.6313321877863758     
   2020.7679671457904        1.6314951811803036     
   2020.7707049965777        1.6316583396786428     
   2020.7734428473648        1.6306402818714161     
   2020.7761806981518        1.6308056651718723     
   2020.7789185489389        1.6309712248866974     
   2020.7816563997262        1.6299749840485360     
   2020.7843942505133        1.6301415668943879     
   2020.7871321013004        1.6303083442871116     
   2020.7898699520874        1.6304753005271038     
   2020.7926078028747        1.6306424201159988     
   2020.7953456536618        1.6308096877572520     
   2020.7980835044489        1.6309770883565990     
   2020.8008213552362        1.6408126380345420     
   2020.8035592060232        1.6410265234451613     
   2020.8062970568103        1.6404007653761050     
   2020.8090349075974        1.6406168028434664     
   2020.8117727583847        1.6408326898462964     
   2020.8145106091717        1.6410484053594883     
   2020.8172484599588        1.6412639286372224     
   2020.8199863107459        1.6414792392169928     
   2020.8227241615332        1.6414079981505802     
   2020.8254620123203        1.6403350347712673     
   2020.8281998631073        1.6235968003878785     
   2020.8309377138946        1.6237874401908639     
   2020.8336755646817        1.6239787639466066     
   2020.8364134154688        1.6241707527319209     
   2020.8391512662558        1.6243633876283039     
   2020.8418891170431        1.6245566497268065     
   2020.8446269678302        1.6247505201327241     
   2020.8473648186173        1.6249449799701403     
   2020.8501026694044        1.6254416918889760     
   2020.8528405201916        1.6251245922912463     
   2020.8555783709787        1.6118051459096974     
   2020.8583162217658        1.6120035025211408     
   2020.8610540725531        1.6122031368667562     
   2020.8637919233402        1.6124040238384181     
   2020.8665297741272        1.6126061382122847     
   2020.8692676249143        1.6128094546602760     
   2020.8720054757016        1.6130139477615186     
   2020.8747433264887        1.6132195920137269     
   2020.8774811772757        1.6195237939458229     
   2020.8802190280628        1.6197075819551638     
   2020.8829568788501        1.6198923740029172     
   2020.8856947296372        1.6200781489448428     
   2020.8884325804243        1.6202648855180226     
   2020.8911704312113        1.6204525623526638     
   2020.8939082819986        1.6191833731128384     
   2020.8966461327857        1.6223639140286537     
   2020.8993839835728        1.6225605231567122     
   2020.9021218343601        1.6229204207881109     
   2020.9048596851471        1.6231184436885022     
   2020.9075975359342        1.6233171111834759     
   2020.9103353867213        1.6235164017289407     
   2020.9130732375086        1.5561939791264481     
   2020.9158110882956        1.5562948968038381     
   2020.9185489390827        1.5564000225216190     
   2020.9212867898698        1.5535363153872854     
   2020.9240246406571        1.5536575086221203     
   2020.9267624914442        1.5537829455463172     
   2020.9295003422312        1.5539125982915185     
   2020.9322381930185        1.5540464380900625     
   2020.9349760438056        1.5541844353003269     
   2020.9377138945927        1.5536519301104188     
   2020.9404517453797        1.5537679823353672     
   2020.9431895961670        1.5535303182563180     
   2020.9459274469541        1.5536820717538478     
   2020.9486652977412        1.5538378798895505     
   2020.9514031485282        1.5539977085780485     
   2020.9541409993155        1.5541615230181818     
   2020.9568788501026        1.5543292877183825     
   2020.9596167008897        1.5475742422844023     
   2020.9623545516768        1.5477251615031955     
   2020.9650924024641        1.5417168031394852     
   2020.9678302532511        1.5418858568064564     
   2020.9705681040382        1.5420592620840519     
   2020.9733059548255        1.5422369786172898     
   2020.9760438056126        1.5424189654293152     
   2020.9787816563996        1.5426051809470880     
   2020.9815195071867        1.5427955830268674     
   2020.9842573579740        1.5429901289794430     
   2020.9869952087611        1.5433050194164737     
   2020.9897330595481        1.5358667713090812     
   2020.9924709103352        1.5360569853115629     
   2020.9952087611225        1.5362515759475688     
   2020.9979466119096        1.5364504997203809     
   2021.0006844626967        1.5366537125921034     
   2021.0034223134840        1.5368611700078070     
   2021.0061601642710        1.5370728269194383     
   2021.0088980150581        1.5372886378094954     
   2021.0116358658452        1.5375085567144489     
   2021.0143737166325        1.5377325372479036     
   2021.0171115674195        1.5379605326235002     
   2021.0198494182066        1.5381924956775377     
   2021.0225872689937        1.5384283788913220     
   2021.0253251197810        1.5386681344132258     
   2021.0280629705680        1.5389117140804540     
   2021.0308008213551        1.5391590694405213     
   2021.0335386721422        1.5394101517724130     
   2021.0362765229295        1.5396649121074402     
   2021.0390143737166        1.5399233012497746     
   2021.0417522245036        1.5401852697966687     
   2021.0444900752909        1.5404630211959540     
   2021.0472279260780        1.5407320065422221     
   2021.0499657768651        1.5410044213094261     
   2021.0527036276521        1.5412802154660619     
   2021.0554414784394        1.5415593388699373     
   2021.0581793292265        1.5475617776687574     
   2021.0609171800136        1.5478619178258506     
   2021.0636550308006        1.5481649408559195     
   2021.0663928815879        1.5484707946384662     
   2021.0691307323750        1.5457390295764242     
   2021.0718685831621        1.5460505990200573     
   2021.0746064339494        1.5447686165931191     
   2021.0773442847365        1.5440707763583086     
   2021.0800821355235        1.5443860665253004     
   2021.0828199863106        1.5447041980176031     
   2021.0855578370979        1.5450251183035588     
   2021.0882956878850        1.5453487749497494     
   2021.0910335386720        1.5444272015414684     
   2021.0937713894591        1.5447608180830188     
   2021.0965092402464        1.5450970355859059     
   2021.0992470910335        1.5454358011209348     
   2021.1019849418205        1.5457770619486926     
   2021.1047227926078        1.5461207655326497     
   2021.1074606433949        1.5464668595518438     
   2021.1101984941820        1.5468152919131799     
   2021.1129363449691        1.5471660107633136     
   2021.1156741957564        1.5475189645001550     
   2021.1184120465434        1.5476811448739303     
   2021.1211498973305        1.5480390697192368     
   2021.1238877481176        1.5483990806875974     
   2021.1266255989049        1.5487611271212813     
   2021.1293634496919        1.5491251586681773     
   2021.1321013004790        1.5494911252910135     
   2021.1348391512661        1.5494497787412456     
   2021.1375770020534        1.5498189498486186     
   2021.1403148528404        1.5501899320282200     
   2021.1430527036275        1.5505626765596228     
   2021.1457905544148        1.5509371350702672     
   2021.1485284052019        1.5534834448373434     
   2021.1512662559890        1.5546901061807874     
   2021.1540041067760        1.5550691306909359     
   2021.1567419575633        1.5554495058558679     
   2021.1594798083504        1.5558311865583803     
   2021.1622176591375        1.5562141281059176     
   2021.1649555099245        1.5507775105123596     
   2021.1676933607118        1.5511538168963137     
   2021.1704312114989        1.5515315901402169     
   2021.1731690622860        1.5519107874064271     
   2021.1759069130733        1.5516049447693856     
   2021.1786447638603        1.5519856190204597     
   2021.1813826146474        1.5461269215085334     
   2021.1841204654345        1.5477703898115549     
   2021.1868583162218        1.5481754122960825     
   2021.1895961670089        1.5485816916186179     
   2021.1923340177959        1.5489891836760734     
   2021.1950718685830        1.5493978447877792     
   2021.1978097193703        1.5498076316974818     
   2021.2005475701574        1.5473091022997085     
   2021.2032854209444        1.5478649858888149     
   2021.2060232717315        1.5482733414930947     
   2021.2087611225188        1.5486828106728276     
   2021.2114989733059        1.5490933524451187     
   2021.2142368240929        1.5495049262089873     
   2021.2169746748802        1.5294974765973712     
   2021.2197125256673        1.5299072042769937     
   2021.2224503764544        1.5303190052123177     
   2021.2251882272415        1.5307328326634280     
   2021.2279260780288        1.5311486400104011     
   2021.2306639288158        1.5315663807638180     
   2021.2334017796029        1.5320354054387986     
   2021.2361396303900        1.5324569203841745     
   2021.2388774811773        1.5328802272590905     
   2021.2416153319643        1.5333052802065663     
   2021.2443531827514        1.5337320335512352     
   2021.2470910335387        1.5341604418088437     
   2021.2498288843258        1.5345904596955691     
   2021.2525667351129        1.5350220421371303     
   2021.2553045858999        1.5354551442777116     
   2021.2580424366872        1.5352687496563426     
   2021.2607802874743        1.5357039973950686     
   2021.2635181382614        1.5356501379795642     
   2021.2662559890484        1.5360896942833313     
   2021.2689938398357        1.5365306003340566     
   2021.2717316906228        1.5369728122439914     
   2021.2744695414099        1.5374162863948020     
   2021.2772073921969        1.5378609794450313     
   2021.2799452429842        1.5383068483373346     
   2021.2826830937713        1.5387538503054889     
   2021.2854209445584        1.5392019428811690     
   2021.2881587953457        1.5331824966663972     
   2021.2908966461328        1.5336982703292659     
   2021.2936344969198        1.5341487973980412     
   2021.2963723477069        1.5346006213447085     
   2021.2991101984942        1.5350536986136112     
   2021.3018480492813        1.5179214616917571     
   2021.3045859000683        1.5183959248617658     
   2021.3073237508554        1.5188724214006923     
   2021.3100616016427        1.5193508965267641     
   2021.3127994524298        1.5198312956482032     
   2021.3155373032168        1.5210729387489583     
   2021.3182751540041        1.5215560836457405     
   2021.3210130047912        1.5220409508978197     
   2021.3237508555783        1.5034619029499234     
   2021.3264887063654        1.5039362003645922     
   2021.3292265571527        1.5045424963460245     
   2021.3319644079397        1.5050219883766969     
   2021.3347022587268        1.5055040527880552     
   2021.3374401095139        1.5059886329973635     
   2021.3401779603012        1.5062972422684096     
   2021.3429158110882        1.5067864957314392     
   2021.3456536618753        1.5072781061116702     
   2021.3483915126626        1.5072061392534029     
   2021.3511293634497        1.5077012886838630     
   2021.3538672142367        1.5081986583758411     
   2021.3566050650238        1.5086981923523901     
   2021.3593429158111        1.5045318372122174     
   2021.3620807665982        1.5008396464621279     
   2021.3648186173853        1.5013360855698688     
   2021.3675564681723        1.5018349601142487     
   2021.3702943189596        1.5049716395150030     
   2021.3730321697467        1.5054754815035429     
   2021.3757700205338        1.5059814351520504     
   2021.3785078713208        1.5064894455965787     
   2021.3812457221081        1.5075863743179285     
   2021.3839835728952        1.5082701068139572     
   2021.3867214236823        1.5087853750272469     
   2021.3894592744696        1.5093024406455560     
   2021.3921971252566        1.4911942237860902     
   2021.3949349760437        1.4916990472389642     
   2021.3976728268308        1.4922065795704340     
   2021.4004106776181        1.4927167640938996     
   2021.4031485284052        1.4918645069056493     
   2021.4058863791922        1.4923769278602173     
   2021.4086242299793        1.4973633187358351     
   2021.4113620807666        1.4978815356653348     
   2021.4140999315537        1.4973819392661512     
   2021.4168377823407        1.4982690088703179     
   2021.4195756331280        1.4987976066351809     
   2021.4223134839151        1.4993282082290231     
   2021.4250513347022        1.4946822984800856     
   2021.4277891854892        1.4945733646811161     
   2021.4305270362765        1.4950833777920427     
   2021.4332648870636        1.4955953167876448     
   2021.4360027378507        1.4961091314279729     
   2021.4387405886378        1.4814640641180026     
   2021.4414784394251        1.4819564743119238     
   2021.4442162902121        1.4821638527519478     
   2021.4469541409992        1.4829703968801267     
   2021.4496919917863        1.4834692604409030     
   2021.4524298425736        1.4839705516606776     
   2021.4551676933606        1.4844742222116203     
   2021.4579055441477        1.4849591122041699     
   2021.4606433949350        1.4854672465789684     
   2021.4633812457221        1.4859919535647337     
   2021.4661190965091        1.4865045250091318     
   2021.4688569472962        1.4987441464658207     
   2021.4715947980835        1.4992571015929852     
   2021.4743326488706        1.4996691189778728     
   2021.4770704996577        1.5001849237365990     
   2021.4798083504447        1.5007020296214482     
   2021.4825462012320        1.5012203953370000     
   2021.4852840520191        1.5017399798353908     
   2021.4880219028062        1.5022607423218104     
   2021.4907597535935        1.4970594694336161     
   2021.4934976043805        1.5131433782436567     
   2021.4962354551676        1.5136239606278064     
   2021.4989733059547        1.5164186650303688     
   2021.5017111567420        1.5169050747176522     
   2021.5044490075290        1.5223528075674730     
   2021.5071868583161        1.5239676227802481     
   2021.5099247091032        1.5244668850173986     
   2021.5126625598905        1.5228994768080117     
   2021.5154004106776        1.5233950281759463     
   2021.5181382614646        1.5238905797202864     
   2021.5208761122517        1.5243861071748506     
   2021.5236139630390        1.5248661505195953     
   2021.5263518138261        1.5253615567117305     
   2021.5290896646131        1.5246154782497769     
   2021.5318275154004        1.5251083202897275     
   2021.5345653661875        1.5256010923071326     
   2021.5373032169746        1.5260937720010390     
   2021.5400410677616        1.5249283272358876     
   2021.5427789185489        1.5252068219518469     
   2021.5455167693360        1.5256951078391738     
   2021.5482546201231        1.5261833127479523     
   2021.5509924709102        1.5266714160242687     
   2021.5537303216975        1.5164319153835839     
   2021.5564681724845        1.5105859765322598     
   2021.5592060232716        1.5110693121287038     
   2021.5619438740589        1.5139890607160700     
   2021.5646817248460        1.5020535021369854     
   2021.5674195756330        1.5025479556488008     
   2021.5701574264201        1.5030434445706722     
   2021.5728952772074        1.5035399376218521     
   2021.5756331279945        1.5040374035871058     
   2021.5783709787815        1.5045358113232941     
   2021.5811088295686        1.5050351297658291     
   2021.5838466803559        1.5055353279350006     
   2021.5865845311430        1.5055107405537538     
   2021.5893223819301        1.5056864605036475     
   2021.5920602327174        1.5061914906159672     
   2021.5947980835044        1.5097780531987612     
   2021.5975359342915        1.5102969472783354     
   2021.6002737850786        1.5108217320266264     
   2021.6030116358659        1.5113471829215506     
   2021.6057494866529        1.5118732670409969     
   2021.6084873374400        1.5123999516054849     
   2021.6112251882271        1.5133456562425931     
   2021.6139630390144        1.5138735511229793     
   2021.6167008898015        1.5144019241943822     
   2021.6194387405885        1.5149307434702366     
   2021.6221765913756        1.5152444917053405     
   2021.6249144421629        1.5163942216105899     
   2021.6276522929500        1.5169246737670556     
   2021.6303901437370        1.5174554186342597     
   2021.6331279945243        1.5174633917076243     
   2021.6358658453114        1.5179931777026119     
   2021.6386036960985        1.5187375448686207     
   2021.6413415468855        1.5192687528819095     
   2021.6440793976728        1.5198001218957180     
   2021.6468172484599        1.5203316220532204     
   2021.6495550992470        1.5208632237268402     
   2021.6522929500341        1.5213948975207519     
   2021.6550308008214        1.5194356790821959     
   2021.6577686516084        1.5199633839517159     
   2021.6605065023955        1.5095316671688461     
   2021.6632443531828        1.5100881829681700     
   2021.6659822039699        1.5106451581270952     
   2021.6687200547569        1.5112025549518535     
   2021.6714579055440        1.5117603360372318     
   2021.6741957563313        1.5081551451228026     
   2021.6769336071184        1.5087020265534004     
   2021.6796714579054        1.5064551082589668     
   2021.6824093086925        1.5069232297124915     
   2021.6851471594798        1.5016443838214859     
   2021.6878850102669        1.4960585561043926     
   2021.6906228610540        1.4966056215888293     
   2021.6933607118410        1.4935170685102166     
   2021.6960985626283        1.4940835110654074     
   2021.6988364134154        1.4946509657423703     
   2021.7015742642025        1.4952193920714678     
   2021.7043121149898        1.4957887497555904     
   2021.7070499657768        1.4963589986781936     
   2021.7097878165639        1.4969300989111598     
   2021.7125256673510        1.4975020107224810     
   2021.7152635181383        1.4980746945837566     
   2021.7180013689253        1.4986481111775021     
   2021.7207392197124        1.4992222214042736     
   2021.7234770704995        1.4997969863896030     
   2021.7262149212868        1.4996180514130151     
   2021.7289527720739        1.4947559949123714     
   2021.7316906228609        1.4830787499432871     
   2021.7344284736482        1.4846896006036920     
   2021.7371663244353        1.4850633394676551     
   2021.7399041752224        1.4847343633675960     
   2021.7426420260094        1.4852903217502682     
   2021.7453798767967        1.4855104885251726     
   2021.7481177275838        1.4860696848202961     
   2021.7508555783709        1.4866300939027453     
   2021.7535934291579        1.4871916779085150     
   2021.7563312799452        1.4877543990524462     
   2021.7590691307323        1.4982171108400555     
   2021.7618069815194        1.4987459438589474     
   2021.7645448323065        1.4992756253038442     
   2021.7672826830938        1.4998061258371691     
   2021.7700205338808        1.5003374160974083     
   2021.7727583846679        1.4941051401342493     
   2021.7754962354552        1.4946203987608049     
   2021.7782340862423        1.4983599420696945     
   2021.7809719370293        1.4988631706754874     
   2021.7837097878164        1.4993673888397971     
   2021.7864476386037        1.5013903798658252     
   2021.7891854893908        1.5019014934900914     
   2021.7919233401778        1.5024134510268321     
   2021.7946611909649        1.5029262259629439     
   2021.7973990417522        1.5034397916933178     
   2021.8001368925393        1.5040564421974434     
   2021.8028747433264        1.5045720627390193     
   2021.8056125941137        1.5054968140629099     
   2021.8083504449007        1.5060136339990204     
   2021.8110882956878        1.5065310859529881     
   2021.8138261464749        1.5065485946077097     
   2021.8165639972622        1.5070680120304440     
   2021.8193018480492        1.5059902338062776     
   2021.8220396988363        1.4924594424281559     
   2021.8247775496234        1.4745936618654467     
   2021.8275154004107        1.4751655533697572     
   2021.8302532511977        1.4727578390142559     
   2021.8329911019848        1.4739424110324366     
   2021.8357289527721        1.4745165052723599     
   2021.8384668035592        1.4750926692208750     
   2021.8412046543463        1.4756708498378299     
   2021.8439425051333        1.4762509940921857     
   2021.8466803559206        1.4768330489833930     
   2021.8494182067077        1.4774169615621786     
   2021.8521560574948        1.4780026789507230     
   2021.8548939082818        1.4785901483622468     
   2021.8576317590691        1.4791793171200198     
   2021.8603696098562        1.4797701326757835     
   2021.8631074606433        1.4730703554556595     
   2021.8658453114303        1.4736826605106044     
   2021.8685831622176        1.4749150505783253     
   2021.8713210130047        1.4755324352848600     
   2021.8740588637918        1.4761514242999541     
   2021.8767967145791        1.4767719597750266     
   2021.8795345653662        1.4773939841685455     
   2021.8822724161532        1.4780174402615778     
   2021.8850102669403        1.4786422711727214     
   2021.8877481177276        1.4792684203724038     
   2021.8904859685147        1.4802211162355277     
   2021.8932238193017        1.4808508725144329     
   2021.8959616700888        1.4814817662347843     
   2021.8986995208761        1.4819669203304713     
   2021.9014373716632        1.4826005518035972     
   2021.9041752224502        1.4832351572514642     
   2021.9069130732375        1.4830559093046536     
   2021.9096509240246        1.4836921863888692     
   2021.9123887748117        1.4689505574880637     
   2021.9151266255988        1.4696138826982847     
   2021.9178644763861        1.4702786775287411     
   2021.9206023271731        1.4677965687694869     
   2021.9233401779602        1.4684584406150420     
   2021.9260780287473        1.4691217705046773     
   2021.9288158795346        1.4690745515344164     
   2021.9315537303216        1.4697389849260689     
   2021.9342915811087        1.4704047295132199     
   2021.9370294318958        1.4710717245483957     
   2021.9397672826831        1.4717399097644868     
   2021.9425051334701        1.4724092253856680     
   2021.9452429842572        1.4730796121377785     
   2021.9479808350445        1.4736745168701912     
   2021.9507186858316        1.4743464437759952     
   2021.9534565366187        1.4750192678407772     
   2021.9561943874057        1.4756929319449053     
   2021.9589322381930        1.4763596869550768     
   2021.9616700889801        1.4720920629717988     
   2021.9644079397672        1.4727465604926140     
   2021.9671457905542        1.4641399735965994     
   2021.9698836413415        1.4642792675629088     
   2021.9726214921286        1.4655766372107890     
   2021.9753593429157        1.4240370100223099     
   2021.9780971937030        1.4246597386880908     
   2021.9808350444900        1.4211987215736310     
   2021.9835728952771        1.4218144757837101     
   2021.9863107460642        1.4224337944108096     
   2021.9890485968515        1.4243928449260883     
   2021.9917864476386        1.4241222399208948     
   2021.9945242984256        1.4247530750523145     
   2021.9972621492127        1.4267172058574200     
   2022.0000000000000        1.4270839031726992     
   2022.0027378507871        1.4235313995158210     
   2022.0054757015741        1.4241962256233580     
   2022.0082135523612        1.4248642254363650     
   2022.0109514031485        1.4255353332019045     
   2022.0136892539356        1.4240807902154800     
   2022.0164271047227        1.4247674642521222     
   2022.0191649555100        1.4254570485019153     
   2022.0219028062970        1.4261494758282678     
   2022.0246406570841        1.3811152173120194     
   2022.0273785078712        1.3819808453553319     
   2022.0301163586585        1.3822275662437409     
   2022.0328542094455        1.3830986469925843     
   2022.0355920602326        1.3842453693849783     
   2022.0383299110197        1.3851232502701798     
   2022.0410677618070        1.3844598153529266     
   2022.0438056125940        1.3853357376257183     
   2022.0465434633811        1.3792696796565136     
   2022.0492813141684        1.3801029750150315     
   2022.0520191649555        1.3578371930721400     
   2022.0547570157426        1.3587653385138605     
   2022.0574948665296        1.3596269974570518     
   2022.0602327173169        1.3605601857039873     
   2022.0629705681040        1.3614957563799202     
   2022.0657084188911        1.3624336034147200     
   2022.0684462696781        1.3632874298981505     
   2022.0711841204654        1.3595932865595766     
   2022.0739219712525        1.3552915268897423     
   2022.0766598220396        1.3562401204994896     
   2022.0793976728269        1.3547269293728839     
   2022.0821355236139        1.3290646084190763     
   2022.0848733744010        1.3274612442182168     
   2022.0876112251881        1.3283621252921218     
   2022.0903490759754        1.3292664469749604     
   2022.0930869267625        1.3301741147006045     
   2022.0958247775495        1.3310850348355452     
   2022.0985626283366        1.3245155189230182     
   2022.1013004791239        1.3254123288024524     
   2022.1040383299110        1.3263124806453828     
   2022.1067761806980        1.3272601911529023     
   2022.1095140314851        1.3281669744499811     
   2022.1122518822724        1.3127607659025728     
   2022.1149897330595        1.3136827098941737     
   2022.1177275838465        1.3330697185070919     
   2022.1204654346338        1.3326479001627618     
   2022.1232032854209        1.3335986719598800     
   2022.1259411362080        1.3354390222633228     
   2022.1286789869951        1.3356660897588828     
   2022.1314168377824        1.3343990301050566     
   2022.1341546885694        1.3334927422478220     
   2022.1368925393565        1.3344600992258091     
   2022.1396303901436        1.3354296989090562     
   2022.1423682409309        1.3364014519180241     
   2022.1451060917179        1.3373752697051406     
   2022.1478439425050        1.3345212524983272     
   2022.1505817932923        1.3354891515559797     
   2022.1533196440794        1.3363810233246198     
   2022.1560574948664        1.3373524620056814     
   2022.1587953456535        1.3383257376652011     
   2022.1615331964408        1.3393007679466544     
   2022.1642710472279        1.3402774712961725     
   2022.1670088980150        1.3412557669682981     
   2022.1697467488020        1.3422355750309500     
   2022.1724845995893        1.3432168163696001     
   2022.1752224503764        1.3466127385323865     
   2022.1779603011635        1.3476028318183686     
   2022.1806981519505        1.3485940018553160     
   2022.1834360027378        1.3422978018903629     
   2022.1861738535249        1.3432843945774788     
   2022.1889117043120        1.3442722589785041     
   2022.1916495550993        1.3450345409274977     
   2022.1943874058863        1.3460240861005590     
   2022.1971252566734        1.3493646904603933     
   2022.1998631074605        1.3492301300871099     
   2022.2026009582478        1.3502154313303358     
   2022.2053388090349        1.3492179045695807     
   2022.2080766598219        1.3502057934864651     
   2022.2108145106090        1.3511944664712012     
   2022.2135523613963        1.3526949704143634     
   2022.2162902121834        1.3536863999112900     
   2022.2190280629704        1.3546783852566602     
   2022.2217659137577        1.3538079584978275     
   2022.2245037645448        1.3557735068930605     
   2022.2272416153319        1.3567710414650018     
   2022.2299794661189        1.3565981569017631     
   2022.2327173169062        1.3575943714959950     
   2022.2354551676933        1.3585908328948411     
   2022.2381930184804        1.3595874782346795     
   2022.2409308692675        1.3591051342665144     
   2022.2436687200548        1.3601016495473810     
   2022.2464065708418        1.3078857574038862     
   2022.2491444216289        1.3084349560724522     
   2022.2518822724160        1.3092274912077819     
   2022.2546201232033        1.2802015587403384     
   2022.2573579739903        1.2809831389361346     
   2022.2600958247774        1.2817683272844116     
   2022.2628336755647        1.2825570863236861     
   2022.2655715263518        1.2833493781584626     
   2022.2683093771388        1.2733901945083230     
   2022.2710472279259        1.2083869010168204     
   2022.2737850787132        1.2092188666320052     
   2022.2765229295003        1.2083953320624277     
   2022.2792607802874        1.2092348927539125     
   2022.2819986310744        1.2074239267992655     
   2022.2847364818617        1.2096149759873431     
   2022.2874743326488        1.2100463702610240     
   2022.2902121834359        1.2109078707453582     
   2022.2929500342232        1.2108020298293654     
   2022.2956878850102        1.2116732555101111     
   2022.2984257357973        1.1956905134931086     
   2022.3011635865844        1.1966431831354374     
   2022.3039014373717        1.1976022716399224     
   2022.3066392881587        1.2011678274649302     
   2022.3093771389458        1.2021362073254716     
   2022.3121149897329        1.0700172152589882     
   2022.3148528405202        1.0706728259808185     
   2022.3175906913073        1.0684423046578571     
   2022.3203285420943        1.0691267488079728     
   2022.3230663928816        1.0721232754014614     
   2022.3258042436687        1.0701224968274439     
   2022.3285420944558        1.0708481159886267     
   2022.3312799452428        1.0628554063752060     
   2022.3340177960301        1.0635630198110406     
   2022.3367556468172        1.0491505623372319     
   2022.3394934976043        1.0499509771045914     
   2022.3422313483914        1.0506649633497709     
   2022.3449691991786        1.0423144326132250     
   2022.3477070499657        1.0431161102176199     
   2022.3504449007528        1.0439298516026470     
   2022.3531827515399        1.0447555730588274     
   2022.3559206023272        1.0455931890775472     
   2022.3586584531142        1.0464426123879984     
   2022.3613963039013       0.93489759880007273     
   2022.3641341546886       0.93618402297695980     
   2022.3668720054757       0.92916147951621020     
   2022.3696098562627       0.89848428475670294     
   2022.3723477070498       0.89984597847555470     
   2022.3750855578371       0.90122217522584314     
   2022.3778234086242       0.90290723368882875     
   2022.3805612594113       0.90431347212137769     
   2022.3832991101983       0.89187333895437482     
   2022.3860369609856       0.89326063661912203     
   2022.3887748117727       0.85028430413854539     
   2022.3915126625598       0.84953986070729748     
   2022.3942505133471       0.84871439765612200     
   2022.3969883641341       0.85241946394779056     
   2022.3997262149212       0.85380319883269529     
   2022.4024640657083       0.85520257850873183     
   2022.4052019164956       0.85661741371214828     
   2022.4079397672826       0.85804751422533332     
   2022.4106776180697       0.85949268893297792     
   2022.4134154688568       0.86150566100553982     
   2022.4161533196441       0.86298159063291913     
   2022.4188911704312       0.86145074622413720     
   2022.4216290212182       0.86154665409674824     
   2022.4243668720053       0.86305234747883408     
   2022.4271047227926       0.86457213623006002     
   2022.4298425735797       0.86610582622331267     
   2022.4325804243667       0.86755516119739773     
   2022.4353182751540       0.86911557645144089     
   2022.4380561259411       0.87068930963382729     
   2022.4407939767282       0.87233014041286205     
   2022.4435318275152       0.87393002225055372     
   2022.4462696783025       0.87554263052094816     
   2022.4490075290896       0.87594953900604700     
   2022.4517453798767       0.87757471205679016     
   2022.4544832306638       0.87921229159178982     
   2022.4572210814511       0.88086196244399828     
   2022.4599589322381       0.85820320454001542     
   2022.4626967830252       0.85988335370545943     
   2022.4654346338125       0.86157619469326185     
   2022.4681724845996       0.86328150067045761     
   2022.4709103353866       0.86499904964955332     
   2022.4736481861737       0.86810047614164243     
   2022.4763860369610       0.88924754407206164     
   2022.4791238877481       0.89035708147413095     
   2022.4818617385351       0.89252377443417474     
   2022.4845995893222       0.89295469655130111     
   2022.4873374401095       0.89478923964154411     
   2022.4900752908966       0.88671409487363939     
   2022.4928131416837       0.88656778307181072     
   2022.4955509924710       0.89079428418624862     
   2022.4982888432580       0.89269838579263350     
   2022.5010266940451       0.89494210378414418     
   2022.5037645448322       0.89686657782281887     
   2022.5065023956195       0.89373047622130208     
   2022.5092402464065       0.89565822474466517     
   2022.5119780971936       0.89688658523272435     
   2022.5147159479807       0.89862230343005400     
   2022.5174537987680       0.90057368020669359     
   2022.5201916495550       0.89923218141563654     
   2022.5229295003421       0.90120825080471645     
   2022.5256673511292       0.91107596939739710     
   2022.5284052019165       0.91160486720311318     
   2022.5311430527036       0.85730350910077746     
   2022.5338809034906       0.85918519644667279     
   2022.5366187542779       0.86107617687546645     
   2022.5393566050650       0.86297625680202450     
   2022.5420944558521       0.86439897658626730     
   2022.5448323066391       0.86595470020742382     
   2022.5475701574264       0.86777872415178248     
   2022.5503080082135       0.86211574594330265     
   2022.5530458590006       0.86802703533911807     
   2022.5557837097876       0.86884064790259141     
   2022.5585215605749       0.87079319269788935     
   2022.5612594113620       0.86984309624240119     
   2022.5639972621491       0.87179266051031856     
   2022.5667351129364       0.86633106592459463     
   2022.5694729637235       0.86828475804034211     
   2022.5722108145105       0.87015259932109990     
   2022.5749486652976       0.87212151169759378     
   2022.5776865160849       0.87409770803466580     
   2022.5804243668720       0.87608101041695841     
   2022.5831622176590       0.87847545839331609     
   2022.5859000684461       0.87769847294105630     
   2022.5886379192334       0.87969370854695483     
   2022.5913757700205       0.88169544693298452     
   2022.5941136208075       0.87896011487958003     
   2022.5968514715946       0.88135368602873987     
   2022.5995893223819       0.88335605425186658     
   2022.6023271731690       0.88536444702400963     
   2022.6050650239561       0.88661302376374407     
   2022.6078028747434       0.88863551568894383     
   2022.6105407255304       0.89066355314104662     
   2022.6132785763175       0.89269697136448023     
   2022.6160164271046       0.88381447838376626     
   2022.6187542778919       0.88581547816109008     
   2022.6214921286789       0.88503109747781572     
   2022.6242299794660       0.87011062335486455     
   2022.6269678302531       0.88094635282088618     
   2022.6297056810404       0.87943004847279571     
   2022.6324435318274       0.87285236673312960     
   2022.6351813826145       0.87339762720222014     
   2022.6379192334018       0.87528766635955435     
   2022.6406570841889       0.87718214751978285     
   2022.6433949349760       0.87782589338312988     
   2022.6461327857630       0.88344211517720461     
   2022.6488706365503       0.88533488845476127     
   2022.6516084873374       0.88676140596740549     
   2022.6543463381245       0.88866014289461814     
   2022.6570841889115       0.92863252708309829     
   2022.6598220396988       0.93045206531301738     
   2022.6625598904859       0.93227353364903176     
   2022.6652977412730       0.93409684776729285     
   2022.6680355920601       0.93554247635545651     
   2022.6707734428473       0.93649180459299342     
   2022.6735112936344       0.93831776877840189     
   2022.6762491444215       0.94014531481409713     
   2022.6789869952088       0.94506633981534793     
   2022.6817248459959       0.94812357538688985     
   2022.6844626967829       0.94995533479020189     
   2022.6872005475700       0.98809849417724493     
   2022.6899383983573       0.99011590562332630     
   2022.6926762491444       0.99213361305305559     
   2022.6954140999314       0.97971124504634344     
   2022.6981519507185       0.98168464827811242     
   2022.7008898015058       0.95162959897508692     
   2022.7036276522929       0.94171392983983282     
   2022.7063655030800       0.94367558442118227     
   2022.7091033538672       0.94080567238714496     
   2022.7118412046543       0.94243684971105202     
   2022.7145790554414        1.0292020942828637     
   2022.7173169062285        1.0285076595990894     
   2022.7200547570158        1.0302451859223463     
   2022.7227926078028        1.0307225696521254     
   2022.7255304585899        1.0324553292295156     
   2022.7282683093770        1.0341876000164254     
   2022.7310061601643        1.0319964760595899     
   2022.7337440109513       0.99700868968549994     
   2022.7364818617384       0.99869403729686534     
   2022.7392197125257        1.0002590280838093     
   2022.7419575633128        1.0019473670966055     
   2022.7446954140999        1.0036372090574543     
   2022.7474332648869        1.0053285158620668     
   2022.7501711156742        1.0070212482658798     
   2022.7529089664613        1.0072483961230363     
   2022.7556468172484        1.0086035971309508     
   2022.7583846680354       0.99227959199085225     
   2022.7611225188227       0.99403630129209075     
   2022.7638603696098        1.0060583917074655     
   2022.7665982203969       0.89114826405051029     
   2022.7693360711839       0.89303143348875924     
   2022.7720739219712       0.89492142467313229     
   2022.7748117727583       0.89681810703382503     
   2022.7775496235454       0.89872134873533749     
   2022.7802874743327       0.90063101675467716     
   2022.7830253251198       0.90254697695891639     
   2022.7857631759068       0.90446909418198851     
   2022.7885010266939       0.90639723230060842     
   2022.7912388774812       0.90833125430922124     
   2022.7939767282683       0.91027102239390900     
   2022.7967145790553       0.91221639800516252     
   2022.7994524298424       0.91416724192947907     
   2022.8021902806297       0.91612341435971723     
   2022.8049281314168       0.91808477496417806     
   2022.8076659822038       0.92005118295436839     
   2022.8104038329911       0.92202249715142592     
   2022.8131416837782       0.92399857605117464     
   2022.8158795345653       0.92597927788780154     
   2022.8186173853524       0.92796446069613814     
   2022.8213552361397       0.92995398237253335     
   2022.8240930869267       0.93194770073432009     
   2022.8268309377138       0.93394547357786473     
   2022.8295687885009       0.93594715873520407     
   2022.8323066392882       0.93795261412926179     
   2022.8350444900752       0.93996169782766215     
   2022.8377823408623       0.94197426809512463     
   2022.8405201916494       0.94399018344446750     
   2022.8432580424367       0.94600930268620476     
   2022.8459958932237       0.94803148497676282     
   2022.8487337440108       0.95005658986531538     
   2022.8514715947981       0.95208447733924340     
   2022.8542094455852       0.95411500786824566     
   2022.8569472963723       0.95614804244709450     
   2022.8596851471593       0.95818344263705568     
   2022.8624229979466       0.96022107060599016     
   2022.8651608487337       0.96226078916714042     
   2022.8678986995208       0.96430246181663126     
   2022.8706365503078       0.96634595276967716     
   2022.8733744010951       0.96839112699553764     
   2022.8761122518822       0.97043785025121465     
   2022.8788501026693       0.97248598911392348     
   2022.8815879534566       0.97504453284208381     
   2022.8843258042436       0.97709600613502778     
   2022.8870636550307       0.97866983143414565     
   2022.8898015058178       0.98887610967073181     
   2022.8925393566051       0.99090327512970933     
   2022.8952772073922       0.97625481058644525     
   2022.8980150581792       0.97820626549020651     
   2022.9007529089663       0.98015833115336248     
   2022.9034907597536       0.98211090038223292     
   2022.9062286105407       0.98406386684275393     
   2022.9089664613277       0.97229186249676591     
   2022.9117043121148       0.97427409275265986     
   2022.9144421629021       0.97625697138329626     
   2022.9171800136892       0.97772352166316312     
   2022.9199178644762       0.98131605014020706     
   2022.9226557152635       0.98329237844650597     
   2022.9253935660506       0.98526897093581234     
   2022.9281314168377       0.98692524053902941     
   2022.9308692676248       0.98890208891547116     
   2022.9336071184121       0.96568824484261451     
   2022.9363449691991       0.96759234902585955     
   2022.9390828199862       0.96949733631221946     
   2022.9418206707733       0.95284054268068930     
   2022.9445585215606       0.95094221806276358     
   2022.9472963723476       0.95068422358999571     
   2022.9500342231347       0.95258267049131129     
   2022.9527720739220       0.96031319411378735     
   2022.9555099247091       0.96222086636260706     
   2022.9582477754961       0.96626200139733942     
   2022.9609856262832       0.92656296436472296     
   2022.9637234770705       0.92843748775221990     
   2022.9664613278576       0.93031502500144081     
   2022.9691991786447       0.93219547485527943     
   2022.9719370294317       0.93407873606527236     
   2022.9746748802190       0.91895593636314243     
   2022.9774127310061       0.92082289664671779     
   2022.9801505817932       0.92266597647995263     
   2022.9828884325805       0.92453978813549309     
   2022.9856262833675       0.83427964041796421     
   2022.9883641341546       0.83550928532585012     
   2022.9911019849417       0.83737915986957601     
   2022.9938398357290       0.83707239149249357     
   2022.9965776865160       0.83312673872396215     
   2022.9993155373031       0.83499429189200669     
   2023.0020533880902       0.83686969712088022     
   2023.0047912388775       0.83875280535716612     
   2023.0075290896646       0.84064347292666020     
   2023.0102669404516       0.84149153556539602     
   2023.0130047912387       0.84371715843715178     
   2023.0157426420260       0.84562942468316349     
   2023.0184804928131       0.79754069766391900     
   2023.0212183436001       0.79939713556254566     
   2023.0239561943874       0.73014577287520255     
   2023.0266940451745       0.73194086151155213     
   2023.0294318959616       0.60424505672039908     
   2023.0321697467487       0.60106015733899953     
   2023.0349075975359       0.60185885281216600     
   2023.0376454483230       0.59951658553220177     
   2023.0403832991101       0.60109356254186552     
   2023.0431211498972       0.60597033499227471     
   2023.0458590006845       0.60758153670018633     
   2023.0485968514715       0.60931252802372560     
   2023.0513347022586       0.59944321729252015     
   2023.0540725530459       0.51565957707130383     
   2023.0568104038330       0.51701008439438934     
   2023.0595482546200       0.51848718725255005     
   2023.0622861054071       0.51998673473573120     
   2023.0650239561944       0.52150856853086647     
   2023.0677618069815       0.52203995889907229     
   2023.0704996577686       0.52723212690839727     
   2023.0732375085556       0.52882308594937355     
   2023.0759753593429       0.52835224177992157     
   2023.0787132101300       0.52998780274289248     
   2023.0814510609171       0.53164456882430899     
   2023.0841889117041       0.53332235173606091     
   2023.0869267624914       0.53502095959875373     
   2023.0896646132785       0.53561258119924904     
   2023.0924024640656       0.53765145213821008     
   2023.0951403148529       0.53941609564669024     
   2023.0978781656399       0.54120078169653496     
   2023.1006160164270       0.54300530110146983     
   2023.1033538672141       0.54482944182915327     
   2023.1060917180014       0.54667298911967566     
   2023.1088295687885       0.54853572560308628     
   2023.1115674195755       0.55041743141590249     
   2023.1143052703626       0.55231788431654527     
   2023.1170431211499       0.54285796724525182     
   2023.1197809719370       0.46678613425584553     
   2023.1225188227240       0.46197502218531267     
   2023.1252566735113       0.46365177113474493     
   2023.1279945242984       0.59568455838720957     
   2023.1307323750855       0.59724439555957398     
   2023.1334702258725       0.59948221451277917     
   2023.1362080766598       0.60173605153966481     
   2023.1389459274469       0.59819934705578270     
   2023.1416837782340       0.63210832705989828     
   2023.1444216290211       0.63433724703948224     
   2023.1471594798084       0.63786061073522637     
   2023.1498973305954       0.64014717287948697     
   2023.1526351813825       0.64251520851615629     
   2023.1553730321698       0.63133644812146372     
   2023.1581108829569       0.63368109761995073     
   2023.1608487337439       0.63468449213706635     
   2023.1635865845310       0.63704605461758690     
   2023.1663244353183       0.63942021107624425     
   2023.1690622861054       0.64180669858026340     
   2023.1718001368924       0.62424585441658775     
   2023.1745379876795       0.62667181141960748     
   2023.1772758384668       0.63912978771605755     
   2023.1800136892539       0.58167317261830909     
   2023.1827515400410       0.58195271088526068     
   2023.1854893908280       0.58463811420092060     
   2023.1882272416153       0.56130279244882619     
   2023.1909650924024       0.56403975103389659     
   2023.1937029431895       0.51087634973116169     
   2023.1964407939768       0.51362789022981192     
   2023.1991786447638       0.51639471556759764     
   2023.2019164955509       0.51917648152183393     
   2023.2046543463380       0.52935587527824701     
   2023.2073921971253       0.53187275500038611     
   2023.2101300479123       0.53469296514645404     
   2023.2128678986994       0.53752637290508476     
   2023.2156057494865       0.54037264315489653     
   2023.2183436002738       0.54323144213213093     
   2023.2210814510609       0.54511713842495746     
   2023.2238193018479       0.54800168448446451     
   2023.2265571526352       0.55089781304006302     
   2023.2292950034223       0.56643968180555371     
   2023.2320328542094       0.56935601495593358     
   2023.2347707049964       0.56941427425291002     
   2023.2375085557837       0.53769539895296548     
   2023.2402464065708       0.53988337857919777     
   2023.2429842573579       0.54282313528792814     
   2023.2457221081449       0.54577364251258653     
   2023.2484599589322       0.54873457860938224     
   2023.2511978097193       0.53741547122707733     
   2023.2539356605064       0.54035945302663857     
   2023.2566735112935       0.54331362424516927     
   2023.2594113620808       0.52464780508581121     
   2023.2621492128678       0.53116781171727723     
   2023.2648870636549       0.53417383790054718     
   2023.2676249144422       0.51760318400673233     
   2023.2703627652293       0.52065080175293554     
   2023.2731006160163       0.52444477573683312     
   2023.2758384668034       0.52726948446341804     
   2023.2785763175907       0.52746975041608035     
   2023.2813141683778       0.48280957272443592     
   2023.2840520191648       0.48590089885043619     
   2023.2867898699519       0.48809850695863688     
   2023.2895277207392       0.49201686490876712     
   2023.2922655715263       0.49507564499321455     
   2023.2950034223134       0.48807050802893875     
   2023.2977412731007       0.49236746070517462     
   2023.3004791238877       0.49552364330043969     
   2023.3032169746748       0.50895285711786620     
   2023.3059548254619       0.51218197585414305     
   2023.3086926762492       0.51404655549111700     
   2023.3114305270362       0.51729981407560155     
   2023.3141683778233       0.51751360700216986     
   2023.3169062286104       0.52078855594853213     
   2023.3196440793977       0.52407172403523028     
   2023.3223819301847       0.52736278843963325     
   2023.3251197809718       0.53066142863692167     
   2023.3278576317589       0.50386146247521479     
   2023.3305954825462       0.50713464771175198     
   2023.3333333333333       0.50787637734886304     
   2023.3360711841203       0.51116114837655013     
   2023.3388090349076       0.51455532837908302     
   2023.3415468856947       0.50726254411886584     
   2023.3442847364818       0.51052555096877228     
   2023.3470225872688       0.51379586145201195     
   2023.3497604380561       0.52118350151873472     
   2023.3524982888432       0.54435149478946676     
   2023.3552361396303       0.54614354244455754     
   2023.3579739904173       0.54959190415561088     
   2023.3607118412046       0.54898565384821729     
   2023.3634496919917       0.55242336843647677     
   2023.3661875427788       0.54834787592343637     
   2023.3689253935661       0.54920321977880415     
   2023.3716632443532       0.55265432765323141     
   2023.3744010951402       0.55611086660446085     
   2023.3771389459273       0.56015259344150126     
   2023.3798767967146       0.56362277439416275     
   2023.3826146475017       0.58922379558872573     
   2023.3853524982887       0.59280755842551125     
   2023.3880903490758       0.59583016131975608     
   2023.3908281998631       0.59941687682794731     
   2023.3935660506502       0.60300653930624504     
   2023.3963039014372       0.48817661885845554     
   2023.3990417522245       0.49172951979957108     
   2023.4017796030116       0.49529021674344154     
   2023.4045174537987       0.49885840433700934     
   2023.4072553045858       0.49916411468355559     
   2023.4099931553731       0.50660464118931114     
   2023.4127310061601       0.51017128921380250     
   2023.4154688569472       0.51374431191053771     
   2023.4182067077343       0.51732341583709995     
   2023.4209445585216       0.52090830923792431     
   2023.4236824093086       0.51685688078119985     
   2023.4264202600957       0.49159495600889269     
   2023.4291581108828       0.49509704051824310     
   2023.4318959616701       0.49933136958752772     
   2023.4346338124572       0.50285019404228271     
   2023.4373716632442       0.44673799760209887     
   2023.4401095140315       0.45031258494651377     
   2023.4428473648186       0.45400868966639990     
   2023.4455852156057       0.45420428688854808     
   2023.4483230663927       0.45601546358021194     
   2023.4510609171800       0.45814397906090271     
   2023.4537987679671       0.46175803699892304     
   2023.4565366187542       0.46476757143164765     
   2023.4592744695412       0.45878484498483779     
   2023.4620123203285       0.46236807541206915     
   2023.4647501711156       0.46473811301478563     
   2023.4674880219027       0.35107187437195908     
   2023.4702258726900       0.35455452629397832     
   2023.4729637234771       0.35082212789307599     
   2023.4757015742641       0.35128607215088725     
   2023.4784394250512       0.35635025825634453     
   2023.4811772758385       0.34283749300409744     
   2023.4839151266256       0.29905511394906181     
   2023.4866529774126       0.30256544823944959     
   2023.4893908281997       0.30375996300096059     
   2023.4921286789870       0.30730547853481927     
   2023.4948665297741       0.31074139365349013     
   2023.4976043805611       0.31431196589701438     
   2023.5003422313482       0.31789462765297938     
   2023.5030800821355       0.27214611236206798     
   2023.5058179329226       0.27558607941502899     
   2023.5085557837097       0.27767541427906445     
   2023.5112936344970       0.28113700102492722     
   2023.5140314852840       0.28461132921521604     
   2023.5167693360711       0.31738686226896407     
   2023.5195071868582       0.32292677369383549     
   2023.5222450376455       0.32654681986621292     
   2023.5249828884325       0.33017721219290735     
   2023.5277207392196       0.33366348135638813     
   2023.5304585900067       0.33731308428868967     
   2023.5331964407940       0.34097214720373714     
   2023.5359342915810       0.34485984613197851     
   2023.5386721423681       0.34454799367302097     
   2023.5414099931554       0.35075921159929396     
   2023.5441478439425       0.27183200894590798     
   2023.5468856947296       0.25399256913945051     
   2023.5496235455166       0.25302233221855808     
   2023.5523613963039       0.23696338809845147     
   2023.5550992470910       0.24009137274265985     
   2023.5578370978781       0.24656253522342714     
   2023.5605749486651       0.25007396008511118     
   2023.5633127994524       0.25359629230353770     
   2023.5660506502395       0.25712923901249174     
   2023.5687885010266       0.26190851893901157     
   2023.5715263518136       0.26546642528821474     
   2023.5742642026009       0.26903402354473305     
   2023.5770020533880       0.27261102450363950     
   2023.5797399041751       0.27619714040768584     
   2023.5824777549624       0.35740716407207240     
   2023.5852156057495       0.36140576920541168     
   2023.5879534565365       0.36541118388834953     
   2023.5906913073236       0.36937014256354578     
   2023.5934291581109       0.36609186581841519     
   2023.5961670088980       0.37007172426221246     
   2023.5989048596850       0.44859820712476128     
   2023.6016427104721       0.45275060917000720     
   2023.6043805612594       0.45348351317459362     
   2023.6071184120465       0.45811556279689186     
   2023.6098562628335       0.47160323307625723     
   2023.6125941136208       0.47579719164515955     
   2023.6153319644079       0.47983936008022887     
   2023.6180698151950       0.48760277510827843     
   2023.6208076659821       0.49179992768978131     
   2023.6235455167694       0.49599536895504837     
   2023.6262833675564       0.51571528061302452     
   2023.6290212183435       0.51960327036406284     
   2023.6317590691306       0.52361994682985435     
   2023.6344969199179       0.52129378402390836     
   2023.6372347707049       0.52544322495270390     
   2023.6399726214920       0.52881771104629960     
   2023.6427104722793       0.54507036655619934     
   2023.6454483230664       0.54927873429240281     
   2023.6481861738534       0.55348230513814189     
   2023.6509240246405       0.55768080559892019     
   2023.6536618754278       0.56187396631218045     
   2023.6563997262149       0.56606152204872862     
   2023.6591375770020       0.57024321171363346     
   2023.6618754277890       0.57431421755524426     
   2023.6646132785763       0.57848268793092605     
   2023.6673511293634       0.58264453159110241     
   2023.6700889801505       0.59279009531077165     
   2023.6728268309375       0.59687806214144401     
   2023.6755646817248       0.60083085477681586     
   2023.6783025325119       0.59757658167783190     
   2023.6810403832990       0.60172107654493345     
   2023.6837782340863       0.60578838551336167     
   2023.6865160848733       0.60991710187141956     
   2023.6892539356604       0.61244854172528163     
   2023.6919917864475       0.61656125066482304     
   2023.6947296372348       0.59826282091121297     
   2023.6974674880219       0.59717756755910767     
   2023.7002053388089       0.60123160428842515     
   2023.7029431895960       0.60544412654602575     
   2023.7056810403833       0.60225691731438147     
   2023.7084188911704       0.60624709430813994     
   2023.7111567419574       0.60680495418873659     
   2023.7138945927447       0.60841563173775615     
   2023.7166324435318       0.61235706952868030     
   2023.7193702943189       0.61629021422442309     
   2023.7221081451059       0.60577709707837890     
   2023.7248459958932       0.60966199861498549     
   2023.7275838466803       0.60854406114158366     
   2023.7303216974674       0.56226001140979998     
   2023.7330595482545       0.57791545476805306     
   2023.7357973990418       0.58154247957231664     
   2023.7385352498288       0.57810239233091720     
   2023.7412731006159       0.58171337083021890     
   2023.7440109514030       0.58531650738741481     
   2023.7467488021903       0.58891168692872320     
   2023.7494866529773       0.59234772849628592     
   2023.7522245037644       0.52793507854130661     
   2023.7549623545517       0.53137647745565220     
   2023.7577002053388       0.53481286926477867     
   2023.7604380561258       0.53824415688076666     
   2023.7631759069129       0.54167024461882174     
   2023.7659137577002       0.54486036895373358     
   2023.7686516084873       0.50888147660119576     
   2023.7713894592744       0.51214616987944472     
   2023.7741273100614       0.51259693549246010     
   2023.7768651608487       0.51583754057716380     
   2023.7796030116358       0.51421431355286251     
   2023.7823408624229       0.51744040461321938     
   2023.7850787132102       0.52066251777231831     
   2023.7878165639972       0.52388059022052902     
   2023.7905544147843       0.52500506969433591     
   2023.7932922655714       0.54950023698719408     
   2023.7960301163587       0.55281660614119943     
   2023.7987679671457       0.55612856039375047     
   2023.8015058179328       0.55891346692125110     
   2023.8042436687199       0.56339622954032909     
   2023.8069815195072       0.56670007866462002     
   2023.8097193702943       0.56999927068420775     
   2023.8124572210813       0.55256864549240359     
   2023.8151950718684       0.55589238228894000     
   2023.8179329226557       0.56062052891685643     
   2023.8206707734428       0.56393942783196471     
   2023.8234086242298       0.56621024119732555     
   2023.8261464750171       0.56951563576483433     
   2023.8288843258042       0.57376149893365769     
   2023.8316221765913       0.57706236441283631     
   2023.8343600273784       0.55316469749539399     
   2023.8370978781657       0.58203261448886068     
   2023.8398357289527       0.58423036565322728     
   2023.8425735797398       0.58753480331543328     
   2023.8453114305269       0.59083450193203257     
   2023.8480492813142       0.59412937845708280     
   2023.8507871321012       0.59741935046385652     
   2023.8535249828883       0.60162927117344078     
   2023.8562628336756       0.60557285813601403     
   2023.8590006844627       0.60665512859816628     
   2023.8617385352497       0.60992238081528050     
   2023.8644763860368       0.61318437699041661     
   2023.8672142368241       0.61644103895032409     
   2023.8699520876112       0.61969228920631236     
   2023.8726899383983       0.62482486382224867     
   2023.8754277891853       0.62881102483463303     
   2023.8781656399726       0.63205969605905254     
   2023.8809034907597       0.63674913560963176     
   2023.8836413415468       0.63998818384846146     
   2023.8863791923341       0.62644781805568039     
   2023.8891170431211       0.62971741573210060     
   2023.8918548939082       0.63130744820950824     
   2023.8945927446953       0.63018413124821426     
   2023.8973305954826       0.63341256947569735     
   2023.9000684462696       0.53179831789510279     
   2023.9028062970567       0.53488732090912405     
   2023.9055441478438       0.53366401812832365     
   2023.9082819986311       0.53672765980446391     
   2023.9110198494182       0.54223541432900191     
   2023.9137577002052       0.54593596795776822     
   2023.9164955509923       0.54901161830692968     
   2023.9192334017796       0.55208687667746159     
   2023.9219712525667       0.55516165385359761     
   2023.9247091033537       0.55823585995927638     
   2023.9274469541410       0.56130940449072286     
   2023.9301848049281       0.56557566423685257     
   2023.9329226557152       0.55385540494652263     
   2023.9356605065022       0.55683659809879815     
   2023.9383983572895       0.55981710757051495     
   2023.9411362080766       0.56279577849533369     
   2023.9438740588637       0.56577305573215808     
   2023.9466119096508       0.55975343266791611     
   2023.9493497604381       0.56270735454282672     
   2023.9520876112251       0.56566009771716175     
   2023.9548254620122       0.56087319003157843     
   2023.9575633127995       0.56377743953169968     
   2023.9603011635866       0.56668026319803466     
   2023.9630390143736       0.55403046011201518     
   2023.9657768651607       0.55723870835086409     
   2023.9685147159480       0.56005544552339792     
   2023.9712525667351       0.56287063835595552     
   2023.9739904175221       0.53510719227375603     
   2023.9767282683092       0.43820718145999915     
   2023.9794661190965       0.43435731851419657     
   2023.9822039698836       0.43688379533286348     
   2023.9849418206707       0.43695080015696541     
   2023.9876796714577       0.43947023191769818     
   2023.9904175222450       0.44199410929046928     
   2023.9931553730321       0.43826354399521805     
   2023.9958932238192       0.44144964745271581     
   2023.9986310746065       0.44396336309867818     
   2024.0013689253935       0.44648147067599031     
   2024.0041067761806       0.44900390700095860     
   2024.0068446269677       0.45206375539472260     
   2024.0095824777550       0.45508074457118991     
   2024.0123203285420       0.45718943265792467     
   2024.0150581793291       0.45974320334171198     
   2024.0177960301162       0.46229111096340408     
   2024.0205338809035       0.46388617312750974     
   2024.0232717316906       0.46679462600893173     
   2024.0260095824776       0.46935013452902735     
   2024.0287474332649       0.45929776453574817     
   2024.0314852840520       0.46030829855149924     
   2024.0342231348391       0.45466768964061011     
   2024.0369609856261       0.45717439788146874     
   2024.0396988364134       0.44041388158608924     
   2024.0424366872005       0.43241876257418665     
   2024.0451745379876       0.43482114250085890     
   2024.0479123887746       0.43722761060461102     
   2024.0506502395619       0.47458439082681253     
   2024.0533880903490       0.47721077409744711     
   2024.0561259411361       0.47948941359523817     
   2024.0588637919232       0.48248812874688479     
   2024.0616016427105       0.48434365725094231     
   2024.0643394934975       0.49416071064852496     
   2024.0670773442846       0.49683279032134731     
   2024.0698151950719       0.49950792751082823     
   2024.0725530458590       0.50218600614739972     
   2024.0752908966460       0.50486691032724718     
   2024.0780287474331       0.50781711128685147     
   2024.0807665982204       0.51170974124834134     
   2024.0835044490075       0.51720093724416660     
   2024.0862422997945       0.51831135134753104     
   2024.0889801505816       0.45926876267432676     
   2024.0917180013689       0.45651028686400741     
   2024.0944558521560       0.45897980402490979     
   2024.0971937029431       0.45106709480445412     
   2024.0999315537304       0.45334405262362931     
   2024.1026694045174       0.39891939176237923     
   2024.1054072553045       0.40142143011430487     
   2024.1081451060916       0.40392982837353530     
   2024.1108829568789       0.40614520997451214     
   2024.1136208076659       0.40866456185344285     
   2024.1163586584530       0.41097750674567707     
   2024.1190965092401       0.40715973216143686     
   2024.1218343600274       0.40965604298295533     
   2024.1245722108144       0.41132959189120860     
   2024.1273100616015       0.41383052998834802     
   2024.1300479123888       0.41631160408030460     
   2024.1327857631759       0.42316298943494601     
   2024.1355236139630       0.40051844334394271     
   2024.1382614647500       0.39652713232987830     
   2024.1409993155373       0.39903792702974267     
   2024.1437371663244       0.40155485632645554     
   2024.1464750171115       0.40407779426099705     
   2024.1492128678985       0.40437367208145802     
   2024.1519507186858       0.40689804037834604     
   2024.1546885694729       0.41069140264025578     
   2024.1574264202600       0.41322951542242392     
   2024.1601642710471       0.41577297650934014     
   2024.1629021218343       0.41832165165313795     
   2024.1656399726214       0.42315767651810920     
   2024.1683778234085       0.40085997161567283     
   2024.1711156741958       0.40331808926861373     
   2024.1738535249829       0.40578143655027010     
   2024.1765913757699       0.40824989035790304     
   2024.1793292265570       0.41131563909070645     
   2024.1820670773443       0.42218673937209072     
   2024.1848049281314       0.42468982520853560     
   2024.1875427789184       0.42719704546300274     
   2024.1902806297055       0.42907390657215427     
   2024.1930184804928       0.43159179120913393     
   2024.1957563312799       0.43411343065513597     
   2024.1984941820670       0.43663869740039918     
   2024.2012320328543       0.43880935056509218     
   2024.2039698836413       0.44133914973897120     
   2024.2067077344284       0.44387218978900650     
   2024.2094455852155       0.44491595246419774     
   2024.2121834360028       0.44719913653953841     
   2024.2149212867898       0.44657068070000477     
   2024.2176591375769       0.45544359404459483     
   2024.2203969883640       0.45798847384068136     
   2024.2231348391513       0.46053563204263803     
   2024.2258726899383       0.46384453900036587     
   2024.2286105407254       0.46640090215882207     
   2024.2313483915125       0.46895917638842427     
   2024.2340862422998       0.47151923633340037     
   2024.2368240930869       0.48203530902726005     
   2024.2395619438739       0.48018612733550747     
   2024.2422997946612       0.48516688610141018     
   2024.2450376454483       0.48074463375626347     
   2024.2477754962354       0.48326643190501617     
   2024.2505133470224       0.48578885301154234     
   2024.2532511978097       0.48831178380570461     
   2024.2559890485968       0.49083511186163908     
   2024.2587268993839       0.49835401077667701     
   2024.2614647501709       0.49894017876947949     
   2024.2642026009582       0.50147872985643793     
   2024.2669404517453       0.50401716194623947     
   2024.2696783025324       0.50904470836505045     
   2024.2724161533197       0.51159722381396699     
   2024.2751540041068       0.51414928966706575     
   2024.2778918548938       0.51777138306708204     
   2024.2806297056809       0.50972533147841115     
   2024.2833675564682       0.51226285526001814     
   2024.2861054072553       0.51670897760180345     
   2024.2888432580423       0.51140474881554332     
   2024.2915811088294       0.50861857897619678     
   2024.2943189596167       0.50327921594744263     
   2024.2970568104038       0.50577275539627420     
   2024.2997946611908       0.51282341198837167     
   2024.3025325119779       0.37312512444534740     
   2024.3052703627652       0.33054882193432966     
   2024.3080082135523       0.32516747915370336     
   2024.3107460643394       0.32276568315935911     
   2024.3134839151267       0.30482534336314315     
   2024.3162217659137       0.30572997456761108     
   2024.3189596167008       0.30879358281957858     
   2024.3216974674879       0.31273705883134639     
   2024.3244353182752       0.31517818352231602     
   2024.3271731690622       0.30933196655239625     
   2024.3299110198493       0.31194039688151332     
   2024.3326488706364       0.31435203313086324     
   2024.3353867214237       0.31635408783640245     
   2024.3381245722107       0.31877802651276493     
   2024.3408624229978       0.32120916984096265     
   2024.3436002737851       0.28074326267921701     
   2024.3463381245722       0.28326358029274512     
   2024.3490759753593       0.28579263313029701     
   2024.3518138261463       0.28833023336413843     
   2024.3545516769336       0.29087619314265867     
   2024.3572895277207       0.29705447729434070     
   2024.3600273785078       0.29962296386193088     
   2024.3627652292948       0.30298227914405518     
   2024.3655030800821       0.30132126502507028     
   2024.3682409308692       0.27885076197971165     
   2024.3709787816563       0.25573431389594264     
   2024.3737166324436       0.25824245682473457     
   2024.3764544832306       0.26141448573301518     
   2024.3791923340177       0.23724126767765788     
   2024.3819301848048       0.23968264499419162     
   2024.3846680355921       0.24213404340199740     
   2024.3874058863792       0.24459529259605173     
   2024.3901437371662       0.24706622186982743     
   2024.3928815879533       0.24859359533685035     
   2024.3956194387406       0.25107640688948873     
   2024.3983572895277       0.25313799040610369     
   2024.4010951403147       0.25551141927824672     
   2024.4038329911018       0.25863142277118562     
   2024.4065708418891       0.26550053763294418     
   2024.4093086926762       0.26806499018028274     
   2024.4120465434632       0.27063800981898190     
   2024.4147843942505       0.16177439939047564     
   2024.4175222450376       0.16451619703954723     
   2024.4202600958247       0.16787943492220148     
   2024.4229979466118       0.17065182613033078     
   2024.4257357973991       0.17343680401924713     
   2024.4284736481861       0.16908521633537898     
   2024.4312114989732       0.18477459373204366     
   2024.4339493497603       0.18768712734410964     
   2024.4366872005476       0.19074891210237949     
   2024.4394250513346       0.19368686571454746     
   2024.4421629021217       0.19663672535848647     
   2024.4449007529090       0.19924354772048636     
   2024.4476386036961       0.25748350160648426     
   2024.4503764544831       0.26068590765594973     
   2024.4531143052702       0.26389770470912532     
   2024.4558521560575       0.26711862027123806     
   2024.4585900068446       0.27032118826334628     
   2024.4613278576317       0.27142521490286931     
   2024.4640657084187       0.27465756426861476     
   2024.4668035592060       0.27789791499637406     
   2024.4695414099931       0.25292800510883057     
   2024.4722792607802       0.13486523963069874     
   2024.4750171115672       0.13766025742730961     
   2024.4777549623545       0.14046733602459849     
   2024.4804928131416       0.14328626188996585     
   2024.4832306639287       0.14611682172930918     
   2024.4859685147160       0.14752983449496554     
   2024.4887063655030       0.16389735437092423     
   2024.4914442162901       0.16680371495085364     
   2024.4941820670772       0.16972033980320919     
   2024.4969199178645        8.1263557151434490E-002
   2024.4996577686516        8.4010130907957031E-002
   2024.5023956194386        8.6770990139878462E-002
   2024.5051334702257       0.12291948597002429     
   2024.5078713210130       0.13045223261282132     
   2024.5106091718001       0.13345273156206283     
   2024.5133470225871       0.13646624559722448     
   2024.5160848733744       0.13949254132297273     
   2024.5188227241615       0.12243085400785302     
   2024.5215605749486       0.12259833420756802     
   2024.5242984257357       0.12341158961339824     
   2024.5270362765229       0.12110774414481852     
   2024.5297741273100       0.24655732899223085     
   2024.5325119780971       0.24063559168159301     
   2024.5352498288842       -1.1207605373954824E-003
   2024.5379876796715        1.7864136595077511E-003
   2024.5407255304585       -8.8722569051715092E-003
   2024.5434633812456       -1.1722049308320699E-002
   2024.5462012320327       -1.6017188317180513E-002
   2024.5489390828200       -1.3090115713155886E-002
   2024.5516769336070       -1.8233247348934521E-002
   2024.5544147843941       -3.7853541202764421E-002
   2024.5571526351814       -3.6184457334695372E-002
   2024.5598904859685       -3.3384490306800817E-002
   2024.5626283367556       -3.0733921715830392E-002
   2024.5653661875426       -2.7899177024970252E-002
   2024.5681040383299       -2.5133100507352520E-002
   2024.5708418891170       -2.2264151260641778E-002
   2024.5735797399041       -6.9489454363305843E-003
   2024.5763175906911       -4.0982748226475949E-003
   2024.5790554414784       -1.1248347638593195E-003
   2024.5817932922655        3.3274282503370417E-002
   2024.5845311430526        4.0384158965884945E-002
   2024.5872689938399        4.5952907993508194E-002
   2024.5900068446269        4.0681420343851818E-002
   2024.5927446954140       -4.4998867210464481E-003
   2024.5954825462011       -1.1776685252202906E-003
   2024.5982203969884        2.1630451091165445E-003
   2024.6009582477755        8.7974081713906686E-003
   2024.6036960985625        1.2150408403070882E-002
   2024.6064339493496        1.4748639071671753E-002
   2024.6091718001369      -0.23608216740858706     
   2024.6119096509240      -0.23371463458278210     
   2024.6146475017110      -0.23132482070761590     
   2024.6173853524983      -0.22891292477467021     
   2024.6201232032854      -0.22313931516035643     
   2024.6228610540725      -0.20909284685230373     
   2024.6255989048595      -0.20655167742546054     
   2024.6283367556468      -0.20398969092526503     
   2024.6310746064339      -0.20140710962424388     
   2024.6338124572210      -0.19880415760293993     
   2024.6365503080081      -0.21392707550054510     
   2024.6392881587954      -0.21034666014930697     
   2024.6420260095824      -0.10402960318230757     
   2024.6447638603695      -0.10280320395952731     
   2024.6475017111566       -9.9649444682489846E-002
   2024.6502395619439       -9.6479621757081871E-002
   2024.6529774127309       -9.3294046065432373E-002
   2024.6557152635180      -0.10878527506364849     
   2024.6584531143053      -0.12446419210397335     
   2024.6611909650924      -0.11751935498114831     
   2024.6639288158794       -9.7903037777418114E-002
   2024.6666666666665       -9.4641381806187100E-002
   2024.6694045174538       -9.1366094099988276E-002
   2024.6721423682409       -8.7972433451406470E-002
   2024.6748802190280       -8.4670429890535831E-002
   2024.6776180698150       -8.1355777718241706E-002
   2024.6803559206023       -7.8028800065592985E-002
   2024.6830937713894      -0.20752424044182066     
   2024.6858316221765      -0.20461925178695264     
   2024.6885694729638      -0.20169732739252638     
   2024.6913073237508      -0.19875872281841334     
   2024.6940451745379      -0.17414239756564392     
   2024.6967830253250      -0.17108525971321092     
   2024.6995208761123      -0.16801300032997854     
   2024.7022587268993      -0.16492588854594303     
   2024.7049965776864      -0.16182419328212427     
   2024.7077344284735      -0.15891054609786268     
   2024.7104722792608      -0.15741616366329592     
   2024.7132101300479      -0.15386227918986334     
   2024.7159479808349      -0.15259453529188166     
   2024.7186858316220      -0.14944255630866196     
   2024.7214236824093      -0.14627763412690487     
   2024.7241615331964      -0.14371312390193042     
   2024.7268993839834      -0.23951283821378777     
   2024.7296372347707      -0.23636911439371511     
   2024.7323750855578      -0.23320787407311974     
   2024.7351129363449      -0.23002940507478609     
   2024.7378507871319      -0.22683399600637794     
   2024.7405886379192      -0.22265504820324500     
   2024.7433264887063      -0.21873002272154984     
   2024.7460643394934      -0.21547993727780601     
   2024.7488021902805      -0.21221411957854314     
   2024.7515400410678      -0.20893286115973031     
   2024.7542778918548      -0.20563645379260170     
   2024.7570157426419      -0.18943271219786878     
   2024.7597535934292      -0.35985950483191792     
   2024.7624914442163      -0.35186257372463958     
   2024.7652292950033      -0.34935511973278166     
   2024.7679671457904      -0.34668998558858966     
   2024.7707049965777      -0.34400781629904476     
   2024.7734428473648      -0.27075806629741839     
   2024.7761806981518      -0.26772131155901285     
   2024.7789185489389      -0.26467008705522543     
   2024.7816563997262      -0.26072409910440941     
   2024.7843942505133      -0.24077112579513782     
   2024.7871321013004      -0.23757039413949474     
   2024.7898699520874      -0.23435615079354000     
   2024.7926078028747      -0.23112866572978899     
   2024.7953456536618      -0.22788820846306695     
   2024.7980835044489      -0.22365282716396354     
   2024.8008213552362      -0.22038404010280330     
   2024.8035592060232      -0.21837657580612310     
   2024.8062970568103      -0.23205199034960333     
   2024.8090349075974      -0.22868970600379485     
   2024.8117727583847      -0.22531574892249645     
   2024.8145106091717      -0.22123229912884071     
   2024.8172484599588      -0.21783200592471061     
   2024.8199863107459      -0.21442087202019114     
   2024.8227241615332      -0.21099917045167016     
   2024.8254620123203      -0.43762548490754238     
   2024.8281998631073      -0.43511660481048847     
   2024.8309377138946      -0.43259202952088094     
   2024.8336755646817      -0.43005193570909778     
   2024.8364134154688      -0.42749650051961008     
   2024.8391512662558      -0.42492590157934501     
   2024.8418891170431      -0.35734861921126804     
   2024.8446269678302      -0.35450856566925104     
   2024.8473648186173      -0.35165653533980767     
   2024.8501026694044      -0.34123523076910878     
   2024.8528405201916      -0.31578135338387836     
   2024.8555783709787      -0.31272664862444899     
   2024.8583162217658      -0.30966082260183547     
   2024.8610540725531      -0.30658409719397639     
   2024.8637919233402      -0.30363078197067206     
   2024.8665297741272      -0.31814704618955347     
   2024.8692676249143      -0.31513844653711243     
   2024.8720054757016      -0.31211974507412582     
   2024.8747433264887      -0.30909115370124018     
   2024.8774811772757      -0.30510640022652413     
   2024.8802190280628      -0.30424814173260273     
   2024.8829568788501      -0.30326795078915714     
   2024.8856947296372      -0.30018930352671663     
   2024.8884325804243      -0.29546836337225613     
   2024.8911704312113      -0.29192547336358660     
   2024.8939082819986      -0.28880475384640136     
   2024.8966461327857      -0.28567546253955556     
   2024.8993839835728      -0.28334595181959643     
   2024.9021218343601      -0.40049782790464794     
   2024.9048596851471      -0.39789763132665484     
   2024.9075975359342      -0.39466875203061813     
   2024.9103353867213      -0.39229130927364403     
   2024.9130732375086      -0.38965403882098637     
   2024.9158110882956      -0.38700656013530321     
   2024.9185489390827      -0.38434901182008407     
   2024.9212867898698      -0.38168153240389158     
   2024.9240246406571      -0.38004299611898446     
   2024.9267624914442      -0.37735735143933535     
   2024.9295003422312      -0.37501081916543072     
   2024.9322381930185      -0.37638230876939094     
   2024.9349760438056      -0.37312842377398125     
   2024.9377138945927      -0.37009689762716436     
   2024.9404517453797      -0.36738291585417554     
   2024.9431895961670      -0.34704867020413960     
   2024.9459274469541      -0.34484809495907731     
   2024.9486652977412      -0.34274290161706561     
   2024.9514031485282      -0.33503520085359750     
   2024.9541409993155      -0.33218827392369132     
   2024.9568788501026      -0.32933349987086619     
   2024.9596167008897      -0.32647102282124896     
   2024.9623545516768      -0.34649512425377677     
   2024.9650924024641      -0.37959525020047824     
   2024.9678302532511      -0.37890448871974070     
   2024.9705681040382      -0.37824414516731375     
   2024.9733059548255      -0.37607860077859323     
   2024.9760438056126      -0.37755286838970969     
   2024.9787816563996      -0.37475691545488865     
   2024.9815195071867      -0.37256243741488071     
   2024.9842573579740      -0.40228265518997725     
   2024.9869952087611      -0.39959390483176466     
   2024.9897330595481      -0.39488284617574609     
   2024.9924709103352      -0.38385852666030218     
   2024.9952087611225      -0.38576342077706827     
   2024.9979466119096      -0.38301335205014198     
   2025.0006844626967      -0.37580645316302863     
   2025.0034223134840      -0.37578394062024889     
   2025.0061601642710      -0.38333809928840490     
   2025.0088980150581      -0.38058081571494617     
   2025.0116358658452      -0.37781373022846571     
   2025.0143737166325      -0.37400668187513553     
   2025.0171115674195      -0.37121409728612131     
   2025.0198494182066      -0.37055031416952133     
   2025.0225872689937      -0.36774755232840939     
   2025.0253251197810      -0.36623214320181696     
   2025.0280629705680      -0.36642965622973644     
   2025.0308008213551      -0.36361233055288067     
   2025.0335386721422      -0.36078600976231939     
   2025.0362765229295      -0.36757030279602954     
   2025.0390143737166      -0.36479661570216398     
   2025.0417522245036      -0.36201467951476518     
   2025.0444900752909      -0.36182176765080287     
   2025.0472279260780      -0.35959923224567736     
   2025.0499657768651      -0.35679990879430651     
   2025.0527036276521      -0.36504421089633365     
   2025.0554414784394      -0.36225367097891142     
   2025.0581793292265      -0.36425921108833065     
   2025.0609171800136      -0.44829394753204577     
   2025.0636550308006      -0.44899681617014242     
   2025.0663928815879      -0.45238453444377158     
   2025.0691307323750      -0.45001659767809399     
   2025.0718685831621      -0.44763957633673529     
   2025.0746064339494      -0.44525355746450140     
   2025.0773442847365      -0.44281682179607940     
   2025.0800821355235      -0.44041282141378779     
   2025.0828199863106      -0.43800009234994830     
   2025.0855578370979      -0.43557872662711916     
   2025.0882956878850      -0.43285318369468084     
   2025.0910335386720      -0.45904586139849302     
   2025.0937713894591      -0.45674427233126358     
   2025.0965092402464      -0.45453253776147551     
   2025.0992470910335      -0.45221407661343604     
   2025.1019849418205      -0.44988699379713221     
   2025.1047227926078      -0.44755136834430242     
   2025.1074606433949      -0.44866875438139264     
   2025.1101984941820      -0.44631570257797848     
   2025.1129363449691      -0.43898112120122568     
   2025.1156741957564      -0.43938687974077417     
   2025.1184120465434      -0.43699216105697480     
   2025.1211498973305      -0.43525405736695161     
   2025.1238877481176      -0.44053258014133473     
   2025.1266255989049      -0.43986838857778177     
   2025.1293634496919      -0.43860140087770949     
   2025.1321013004790      -0.43622761603750038     
   2025.1348391512661      -0.43369812715296430     
   2025.1375770020534      -0.44834267425931440     
   2025.1403148528404      -0.44602974670521245     
   2025.1430527036275      -0.44370898234749107     
   2025.1457905544148      -0.45235475086206040     
   2025.1485284052019      -0.50197861533234689     
   2025.1512662559890      -0.50148140903752159     
   2025.1540041067760      -0.49850632173470177     
   2025.1567419575633      -0.50792435061103913     
   2025.1594798083504      -0.50588809093671827     
   2025.1622176591375      -0.50384253552781377     
   2025.1649555099245      -0.50178773409006983     
   2025.1676933607118      -0.49972373734192949     
   2025.1704312114989      -0.49729098718019038     
   2025.1731690622860      -0.49407190361407205     
   2025.1759069130733      -0.49155915787579052     
   2025.1786447638603      -0.49082847918177908     
   2025.1813826146474      -0.46776121244062091     
   2025.1841204654345      -0.46554486676201801     
   2025.1868583162218      -0.46402259790527672     
   2025.1895961670089      -0.46179544799934935     
   2025.1923340177959      -0.45956034195909862     
   2025.1950718685830      -0.46733377128939096     
   2025.1978097193703      -0.46508925390375666     
   2025.2005475701574      -0.46537878540601918     
   2025.2032854209444      -0.44342581727391434     
   2025.2060232717315      -0.44382192530927272     
   2025.2087611225188      -0.44141711889207375     
   2025.2114989733059      -0.42267070408776131     
   2025.2142368240929      -0.42016884955534295     
   2025.2169746748802      -0.42559647578806847     
   2025.2197125256673      -0.44430787755398582     
   2025.2224503764544      -0.44305802693883156     
   2025.2251882272415      -0.44942741538466174     
   2025.2279260780288      -0.44687289561607846     
   2025.2306639288158      -0.44430873465175857     
   2025.2334017796029      -0.42366972672774544     
   2025.2361396303900      -0.42096187415993541     
   2025.2388774811773      -0.41824439691181470     
   2025.2416153319643      -0.41551744040145605     
   2025.2443531827514      -0.41278115036283924     
   2025.2470910335387      -0.41924008336585977     
   2025.2498288843258      -0.41062337382874847     
   2025.2525667351129      -0.40784894662334531     
   2025.2553045858999      -0.40506516606619802     
   2025.2580424366872      -0.40663046854120405     
   2025.2607802874743      -0.41526620871376674     
   2025.2635181382614      -0.41605179315433699     
   2025.2662559890484      -0.41320079204185739     
   2025.2689938398357      -0.41773054032209922     
   2025.2717316906228      -0.41489953999807605     
   2025.2744695414099      -0.41205950587178464     
   2025.2772073921969      -0.38430986672938733     
   2025.2799452429842      -0.38133918822421853     
   2025.2826830937713      -0.37836057469866347     
   2025.2854209445584      -0.35100281194167993     
   2025.2881587953457      -0.34785284360156277     
   2025.2908966461328      -0.36940020622157055     
   2025.2936344969198      -0.36640245111573522     
   2025.2963723477069      -0.36339790234767166     
   2025.2991101984942      -0.36038674190338588     
   2025.3018480492813      -0.37689386902153571     
   2025.3045859000683      -0.37457920692820806     
   2025.3073237508554      -0.37882547770948471     
   2025.3100616016427      -0.38584169764368803     
   2025.3127994524298      -0.38308629749222867     
   2025.3155373032168      -0.38702044563582871     
   2025.3182751540041      -0.38845473584303242     
   2025.3210130047912      -0.38241524577253327     
   2025.3237508555783      -0.37969536381799784     
   2025.3264887063654      -0.38112995659892512     
   2025.3292265571527      -0.37841003272570839     
   2025.3319644079397      -0.37568695110728145     
   2025.3347022587268      -0.37296086468673206     
   2025.3374401095139      -0.37027093262211119     
   2025.3401779603012      -0.36753944427495294     
   2025.3429158110882      -0.36378064531462562     
   2025.3456536618753      -0.44935898349901932     
   2025.3483915126626      -0.44719649240206977     
   2025.3511293634497      -0.44825625706054117     
   2025.3538672142367      -0.44599697190674559     
   2025.3566050650238      -0.44398086523739533     
   2025.3593429158111      -0.44183385896001454     
   2025.3620807665982      -0.44340261202939807     
   2025.3648186173853      -0.44125806638759490     
   2025.3675564681723      -0.43870480943738555     
   2025.3702943189596      -0.43655699276317228     
   2025.3730321697467      -0.43440901676657784     
   2025.3757700205338      -0.43234702722608565     
   2025.3785078713208      -0.45366927059809037     
   2025.3812457221081      -0.45161178235002603     
   2025.3839835728952      -0.44955369536542045     
   2025.3867214236823      -0.45891632298620200     
   2025.3894592744696      -0.45688748043981625     
   2025.3921971252566      -0.45485770882087773     
   2025.3949349760437      -0.44733080953761650     
   2025.3976728268308      -0.45127884922872302     
   2025.4004106776181      -0.44921776537712521     
   2025.4031485284052      -0.44715566834465120     
   2025.4058863791922      -0.44509263125769294     
   2025.4086242299793      -0.45337318250135583     
   2025.4113620807666      -0.45004484833376246     
   2025.4140999315537      -0.44799318917618014     
   2025.4168377823407      -0.43966581088486306     
   2025.4195756331280      -0.43756829141408465     
   2025.4223134839151      -0.43546956567631434     
   2025.4250513347022      -0.43336970182209122     
   2025.4277891854892      -0.43126876718151352     
   2025.4305270362765      -0.43525082677203164     
   2025.4332648870636      -0.43318257870390853     
   2025.4360027378507      -0.43111341811772907     
   2025.4387405886378      -0.42904340691704645     
   2025.4414784394251      -0.42697260696255890     
   2025.4442162902121      -0.41633761634480326     
   2025.4469541409992      -0.41423612568242435     
   2025.4496919917863      -0.41954970783228396     
   2025.4524298425736      -0.41750119107598965     
   2025.4551676933606      -0.40379164379786670     
   2025.4579055441477      -0.44940185762359097     
   2025.4606433949350      -0.44745306417201863     
   2025.4633812457221      -0.50912098465061661     
   2025.4661190965091      -0.50730175115188603     
   2025.4688569472962      -0.50380888305525739     
   2025.4715947980835      -0.50574904480058303     
   2025.4743326488706      -0.50392147842736867     
   2025.4770704996577      -0.50778900402588256     
   2025.4798083504447      -0.50636915661892501     
   2025.4825462012320      -0.50455339670201804     
   2025.4852840520191      -0.50310729849071112     
   2025.4880219028062      -0.50099239990863154     
   2025.4907597535935      -0.49916002320014868     
   2025.4934976043805      -0.49732225167750144     
   2025.4962354551676      -0.49547912916817227     
   2025.4989733059547      -0.51034462412592463     
   2025.5017111567420      -0.51910925497761806     
   2025.5044490075290      -0.51851492990939674     
   2025.5071868583161      -0.51554396923592594     
   2025.5099247091032      -0.51374457243083416     
   2025.5126625598905      -0.51193886062418359     
   2025.5154004106776      -0.51012690195213162     
   2025.5181382614646      -0.51575538137695731     
   2025.5208761122517      -0.52837086511372067     
   2025.5236139630390      -0.52660454736031204     
   2025.5263518138261      -0.52483142031445063     
   2025.5290896646131      -0.52305153170586216     
   2025.5318275154004      -0.52610506566982862     
   2025.5345653661875      -0.52429894968762625     
   2025.5373032169746      -0.52258290078599123     
   2025.5400410677616      -0.52151950393452018     
   2025.5427789185489      -0.59814896264650674     
   2025.5455167693360      -0.62727308637373591     
   2025.5482546201231      -0.61236997164599072     
   2025.5509924709102      -0.61124731208462779     
   2025.5537303216975      -0.61131165244813657     
   2025.5564681724845      -0.60949055816928610     
   2025.5592060232716      -0.59550202477604419     
   2025.5619438740589      -0.59362371696159388     
   2025.5646817248460      -0.67274332348593813     
   2025.5674195756330      -0.68886064615459719     
   2025.5701574264201      -0.69188031107355874     
   2025.5728952772074      -0.69079776705754092     
   2025.5756331279945      -0.68910465297080248     
   2025.5783709787815      -0.70206259594051312     
   2025.5811088295686      -0.70022136288076886     
   2025.5838466803559      -0.69937327344182199     
   2025.5865845311430      -0.67810715630058183     
   2025.5893223819301      -0.67603129855904365     
   2025.5920602327174      -0.67428373913902051     
   2025.5947980835044      -0.67309107617667074     
   2025.5975359342915      -0.67131857697962227     
   2025.6002737850786      -0.66249024587918837     
   2025.6030116358659      -0.66064310436435203     
   2025.6057494866529      -0.65878234246908640     
   2025.6084873374400      -0.65690806485999964     
   2025.6112251882271      -0.65502037825081150     
   2025.6139630390144      -0.63842782560959721     
   2025.6167008898015      -0.64271850554417620     
   2025.6194387405885      -0.64041504468744026     
   2025.6221765913756      -0.63905419774274608     
   2025.6249144421629      -0.64497634110693314     
   2025.6276522929500      -0.65056112109631037     
   2025.6303901437370      -0.64863171289347910     
   2025.6331279945243      -0.64387664597389960     
   2025.6358658453114      -0.64272063779937816     
   2025.6386036960985      -0.64073760449402895     
   2025.6413415468855      -0.63803673548130424     
   2025.6440793976728      -0.63602535423412809     
   2025.6468172484599      -0.63400235514579162     
   2025.6495550992470      -0.63327360981078007     
   2025.6522929500341      -0.63123854566460558     
   2025.6550308008214      -0.62897725156574669     
   2025.6577686516084      -0.62774613283465697     
   2025.6605065023955      -0.62949647621545224     
   2025.6632443531828      -0.75601417177862162     
   2025.6659822039699      -0.75415472483956547     
   2025.6687200547569      -0.75227798947936142     
   2025.6714579055440      -0.74945300900203504     
   2025.6741957563313      -0.74754002994611901     
   2025.6769336071184      -0.74561022854394721     
   2025.6796714579054      -0.76518912428080410     
   2025.6824093086925      -0.76316476535787359     
   2025.6851471594798      -0.76112336141856907     
   2025.6878850102669      -0.75900692181032969     
   2025.6906228610540      -0.76449284319361288     
   2025.6933607118410      -0.76243309515188273     
   2025.6960985626283      -0.76035678692734798     
   2025.6988364134154      -0.75826410057986759     
   2025.7015742642025      -0.75615522046777861     
   2025.7043121149898      -0.75403033313161116     
   2025.7070499657768      -0.75188962718375119     
   2025.7097878165639      -0.75000619064068585     
   2025.7125256673510      -0.74783549893411361     
   2025.7152635181383      -0.77482883961386806     
   2025.7180013689253      -0.77278733901807162     
   2025.7207392197124      -0.77542233178525921     
   2025.7234770704995      -0.77303696573140890     
   2025.7262149212868      -0.81383174218290111     
   2025.7289527720739      -0.81817789682967801     
   2025.7316906228609      -0.81628920022667573     
   2025.7344284736482      -0.81438499359898797     
   2025.7371663244353      -0.81246543498189772     
   2025.7399041752224      -0.81053068420123586     
   2025.7426420260094      -0.81001342652466612     
   2025.7453798767967      -0.80805929224406114     
   2025.7481177275838      -0.80687103943574667     
   2025.7508555783709      -0.80489034931753878     
   2025.7535934291579      -0.80289530818564414     
   2025.7563312799452      -0.77494143465315646     
   2025.7590691307323      -0.77276945470508807     
   2025.7618069815194      -0.77058378114836334     
   2025.7645448323065      -0.77014822916402070     
   2025.7672826830938      -0.76769428015034147     
   2025.7700205338808      -0.76547391141479715     
   2025.7727583846679      -0.76324061760521156     
   2025.7754962354552      -0.76099457342891796     
   2025.7782340862423      -0.75873596257844977     
   2025.7809719370293      -0.75928869651408670     
   2025.7837097878164      -0.75678641213543008     
   2025.7864476386037      -0.75779290847956560     
   2025.7891854893908      -0.75706195006789978     
   2025.7919233401778      -0.79150265205366410     
   2025.7946611909649      -0.78994975756432662     
   2025.7973990417522      -0.78763536344003149     
   2025.8001368925393      -0.78530770624270341     
   2025.8028747433264      -0.78296700070309933     
   2025.8056125941137      -0.83928474650697282     
   2025.8083504449007      -0.83705881939665971     
   2025.8110882956878      -0.83492202103543778     
   2025.8138261464749      -0.83266625163457164     
   2025.8165639972622      -0.83493118448832793     
   2025.8193018480492      -0.83267810378132034     
   2025.8220396988363      -0.82991735074855177     
   2025.8247775496234      -0.82782923539707864     
   2025.8275154004107      -0.82591719436688438     
   2025.8302532511977      -0.82360791096003061     
   2025.8329911019848      -0.82128511414418515     
   2025.8357289527721      -0.81912283545688347     
   2025.8384668035592      -0.81677408052501732     
   2025.8412046543463      -0.81441244214339226     
   2025.8439425051333      -0.81203813385416423     
   2025.8466803559206      -0.80965136942346205     
   2025.8494182067077      -0.80725236282035506     
   2025.8521560574948      -0.76378742725416826     
   2025.8548939082818      -0.76139265526577726     
   2025.8576317590691      -0.75898856612627319     
   2025.8603696098562      -0.75657534846456342     
   2025.8631074606433      -0.75415319061049635     
   2025.8658453114303      -0.75172228057921742     
   2025.8685831622176      -0.74928280605243858     
   2025.8713210130047      -0.74683495435710534     
   2025.8740588637918      -0.74437891244188259     
   2025.8767967145791      -0.74191486685190211     
   2025.8795345653662      -0.73944300370213267     
   2025.8822724161532      -0.73696350864973126     
   2025.8850102669403      -0.73447656686563101     
   2025.8877481177276      -0.73198236300564345     
   2025.8904859685147      -0.72948108118126664     
   2025.8932238193017      -0.72697290493037126     
   2025.8959616700888      -0.72445801718792235     
   2025.8986995208761      -0.72193660025683593     
   2025.9014373716632      -0.71940883577909021     
   2025.9041752224502      -0.71687490470714821     
   2025.9069130732375      -0.71433498727578137     
   2025.9096509240246      -0.71178926297432521     
   2025.9123887748117      -0.70923791051942442     
   2025.9151266255988      -0.70668110782829330     
   2025.9178644763861      -0.70411903199251946     
   2025.9206023271731      -0.70155185925244079     
   2025.9233401779602      -0.69897976497209813     
   2025.9260780287473      -0.69640292361478395     
   2025.9288158795346      -0.69382150871920079     
   2025.9315537303216      -0.69123569287622844     
   2025.9342915811087      -0.68864564770630365     
   2025.9370294318958      -0.68605154383742262     
   2025.9397672826831      -0.68345355088376492     
   2025.9425051334701      -0.68085183742493083     
   2025.9452429842572      -0.67824657098580132     
   2025.9479808350445      -0.67563791801701534     
   2025.9507186858316      -0.67302604387605924     
   2025.9534565366187      -0.67041111280896437     
   2025.9561943874057      -0.66779328793261705     
   2025.9589322381930      -0.66517273121766318     
   2025.9616700889801      -0.66254960347201852     
   2025.9644079397672      -0.65992406432496309     
   2025.9671457905542      -0.65729627221183173     
   2025.9698836413415      -0.65466638435927527     
   2025.9726214921286      -0.65203455677110822     
   2025.9753593429157      -0.64940094421471906     
   2025.9780971937030      -0.64676570020804869     
   2025.9808350444900      -0.64412897700711913     
   2025.9835728952771      -0.64149092559412590     
   2025.9863107460642      -0.63885169566605915     
   2025.9890485968515      -0.63621143562387605     
   2025.9917864476386      -0.63357029256219399     
   2025.9945242984256      -0.63092841225951413     
   2025.9972621492127      -0.62828593916895825     
   2026.0000000000000      -0.62564301640951814     
   2026.0027378507871      -0.62299978575780623     
   2026.0054757015741      -0.62035638764030099     
   2026.0082135523612      -0.61771296112608198     
   2026.0109514031485      -0.61506964392004604     
   2026.0136892539356      -0.61242657235659526     
   2026.0164271047227      -0.60978388139379303     
   2026.0191649555100      -0.60714170460797834     
   2026.0219028062970      -0.60450017418882851     
   2026.0246406570841      -0.60185942093487022     
   2026.0273785078712      -0.59921957424942152     
   2026.0301163586585      -0.59658076213696631     
   2026.0328542094455      -0.59394311119994758     
   2026.0355920602326      -0.59130674663597227     
   2026.0383299110197      -0.58867179223542687     
   2026.0410677618070      -0.58603837037948425     
   2026.0438056125940      -0.58340660203850536     
   2026.0465434633811      -0.58077660677082121     
   2026.0492813141684      -0.57814850272189211     
   2026.0520191649555      -0.57552240662383136     
   2026.0547570157426      -0.57289843379528960     
   2026.0574948665296      -0.57027669814169402     
   2026.0602327173169      -0.56765731215582838     
   2026.0629705681040      -0.56504038691875147     
   2026.0657084188911      -0.56242603210104691     
   2026.0684462696781      -0.55981435596439211     
   2026.0711841204654      -0.55720546536344495     
   2026.0739219712525      -0.55459946574803531     
   2026.0766598220396      -0.55199646116565992     
   2026.0793976728269      -0.54939655426426492     
   2026.0821355236139      -0.54679984629531975     
   2026.0848733744010      -0.54420643711716576     
   2026.0876112251881      -0.54161642519863618     
   2026.0903490759754      -0.53902990762294378     
   2026.0930869267625      -0.53644698009182112     
   2026.0958247775495      -0.53386773692991440     
   2026.0985626283366      -0.53129227108942145     
   2026.1013004791239      -0.52872067415496016     
   2026.1040383299110      -0.52615303634867783     
   2026.1067761806980      -0.52358944653557349     
   2026.1095140314851      -0.52102999222904267     
   2026.1122518822724      -0.51847475959663070     
   2026.1149897330595      -0.51592383346598991     
   2026.1177275838465      -0.51337729733103810     
   2026.1204654346338      -0.51083523335829839     
   2026.1232032854209      -0.50829772239343995     
   2026.1259411362080      -0.50576484396797805     
   2026.1286789869951      -0.50323667630616697     
   2026.1314168377824      -0.50071329633204709     
   2026.1341546885694      -0.49819477967665415     
   2026.1368925393565      -0.49568120068539268     
   2026.1396303901436      -0.49317263242554965     
   2026.1423682409309      -0.49066914669395673     
   2026.1451060917179      -0.48817081402479023     
   2026.1478439425050      -0.48567770369750668     
   2026.1505817932923      -0.48318988374490229     
   2026.1533196440794      -0.48070742096130015     
   2026.1560574948664      -0.47823038091085035     
   2026.1587953456535      -0.47575882793594365     
   2026.1615331964408      -0.47329282516573845     
   2026.1642710472279      -0.47083243452478024     
   2026.1670088980150      -0.46837771674172912     
   2026.1697467488020      -0.46592873135817159     
   2026.1724845995893      -0.46348553673753001     
   2026.1752224503764      -0.46104819007404724     
   2026.1779603011635      -0.45861674740185687     
   2026.1806981519505      -0.45619126360412732     
   2026.1834360027378      -0.45377179242227406     
   2026.1861738535249      -0.45135838646524284     
   2026.1889117043120      -0.44895109721885246     
   2026.1916495550993      -0.44654997505519756     
   2026.1943874058863      -0.44415506924210546     
   2026.1971252566734      -0.44176642795264320     
   2026.1998631074605      -0.43938409827467456     
   2026.2026009582478      -0.43700812622045604     
   2026.2053388090349      -0.43463855673627527     
   2026.2080766598219      -0.43227543371212607     
   2026.2108145106090      -0.42991879999141375     
   2026.2135523613963      -0.42756869738069214     
   2026.2162902121834      -0.42522516665942467     
   2026.2190280629704      -0.42288824758977173     
   2026.2217659137577      -0.42055797892639107     
   2026.2245037645448      -0.41823439842626375     
   2026.2272416153319      -0.41591754285852517     
   2026.2299794661189      -0.41360744801431237     
   2026.2327173169062      -0.41130414871661725     
   2026.2354551676933      -0.40900767883014383     
   2026.2381930184804      -0.40671807127117066     
   2026.2409308692675      -0.40443535801740937     
   2026.2436687200548      -0.40215957011786241     
   2026.2464065708418      -0.39989073770267780     
   2026.2491444216289      -0.39762888999298890     
   2026.2518822724160      -0.39537405531075359     
   2026.2546201232033      -0.39312626108857091     
   2026.2573579739903      -0.39088553387949193     
   2026.2600958247774      -0.38865189936680916     
   2026.2628336755647      -0.38642538237382562     
   2026.2655715263518      -0.38420600687360668     
   2026.2683093771388      -0.38199379599870670     
   2026.2710472279259      -0.37978877205087092     
   2026.2737850787132      -0.37759095651071073     
   2026.2765229295003      -0.37540037004735072     
   2026.2792607802874      -0.37321703252804306     
   2026.2819986310744      -0.37104096302775302     
   2026.2847364818617      -0.36887217983870996     
   2026.2874743326488      -0.36671070047991927     
   2026.2902121834359      -0.36455654170664303     
   2026.2929500342232      -0.36240971951983814     
   2026.2956878850102      -0.36027024917555628     
   2026.2984257357973      -0.35813814519430232     
   2026.3011635865844      -0.35601342137035102     
   2026.3039014373717      -0.35389609078101703     
   2026.3066392881587      -0.35178616579588362     
   2026.3093771389458      -0.34968365808598179     
   2026.3121149897329      -0.34758857863292403     
   2026.3148528405202      -0.34550093773799051     
   2026.3175906913073      -0.34342074503115905     
   2026.3203285420943      -0.34134800948009519     
   2026.3230663928816      -0.33928273939907949     
   2026.3258042436687      -0.33722494245789125     
   2026.3285420944558      -0.33517462569063217     
   2026.3312799452428      -0.33313179550449967     
   2026.3340177960301      -0.33109645768850193     
   2026.3367556468172      -0.32906861742212290     
   2026.3394934976043      -0.32704827928392155     
   2026.3422313483914      -0.32503544726007993     
   2026.3449691991786      -0.32303012475289272     
   2026.3477070499657      -0.32103231458919579     
   2026.3504449007528      -0.31904201902873824     
   2026.3531827515399      -0.31705923977248901     
   2026.3559206023272      -0.31508397797089066     
   2026.3586584531142      -0.31311623423204632     
   2026.3613963039013      -0.31115600862984655     
   2026.3641341546886      -0.30920330071203544     
   2026.3668720054757      -0.30725810950821320     
   2026.3696098562627      -0.30532043353777671     
   2026.3723477070498      -0.30339027081779602     
   2026.3750855578371      -0.30146761887082674     
   2026.3778234086242      -0.29955247473266233     
   2026.3805612594113      -0.29764483496001737     
   2026.3832991101983      -0.29574469563815009     
   2026.3860369609856      -0.29385205238841727     
   2026.3887748117727      -0.29196690037576783     
   2026.3915126625598      -0.29008923431616845     
   2026.3942505133471      -0.28821904848396501     
   2026.3969883641341      -0.28635633671917993     
   2026.3997262149212      -0.28450109243474137     
   2026.4024640657083      -0.28265330862364990     
   2026.4052019164956      -0.28081297786607662     
   2026.4079397672826      -0.27898009233639809     
   2026.4106776180697      -0.27715464381016280     
   2026.4134154688568      -0.27533662367099615     
   2026.4161533196441      -0.27352602291743461     
   2026.4188911704312      -0.27172283216969639     
   2026.4216290212182      -0.26992704167638726     
   2026.4243668720053      -0.26813864132114018     
   2026.4271047227926      -0.26635762062918811     
   2026.4298425735797      -0.26458396877387041     
   2026.4325804243667      -0.26281767458307914     
   2026.4353182751540      -0.26105872654563217     
   2026.4380561259411      -0.25930711281758723     
   2026.4407939767282      -0.25756282122848778     
   2026.4435318275152      -0.25582583928754454     
   2026.4462696783025      -0.25409615418975412     
   2026.4490075290896      -0.25237375282194735     
   2026.4517453798767      -0.25065862176878129     
   2026.4544832306638      -0.24895074731865902     
   2026.4572210814511      -0.24725011546959189     
   2026.4599589322381      -0.24555671193499298     
   2026.4626967830252      -0.24387052214941005     
   2026.4654346338125      -0.24219153127419280     
   2026.4681724845996      -0.24051972420310039     
   2026.4709103353866      -0.23885508556784152     
   2026.4736481861737      -0.23719759974355434     
   2026.4763860369610      -0.23554725085422734     
   2026.4791238877481      -0.23390402277805039     
   2026.4818617385351      -0.23226789915271132     
   2026.4845995893222      -0.23063886338062650     
   2026.4873374401095      -0.22901689863411354     
   2026.4900752908966      -0.22740198786050037     
   2026.4928131416837      -0.22579411378717529     
   2026.4955509924707      -0.22419325892657699     
   2026.4982888432580      -0.22259940558112351     
   2026.5010266940451      -0.22101253584808372     
   2026.5037645448322      -0.21943263162438720     
   2026.5065023956195      -0.21785967461137767     
   2026.5092402464065      -0.21629364631950551     
   2026.5119780971936      -0.21473452807296511     
   2026.5147159479807      -0.21318230101427274     
   2026.5174537987680      -0.21163694610878581     
   2026.5201916495550      -0.21009844414916906     
   2026.5229295003421      -0.20856677575980048     
   2026.5256673511292      -0.20704192140112154     
   2026.5284052019165      -0.20552386137393516     
   2026.5311430527036      -0.20401257582364354     
   2026.5338809034906      -0.20250804474443404     
   2026.5366187542779      -0.20101024798340839     
   2026.5393566050650      -0.19951916524466040     
   2026.5420944558521      -0.19803477609329798     
   2026.5448323066391      -0.19655705995941014     
   2026.5475701574264      -0.19508599614198674     
   2026.5503080082135      -0.19362156381277806     
   2026.5530458590006      -0.19216374202010908     
   2026.5557837097876      -0.19071250969263642     
   2026.5585215605749      -0.18926784564305951     
   2026.5612594113620      -0.18782972857177585     
   2026.5639972621491      -0.18639813707048875     
   2026.5667351129364      -0.18497304962576319     
   2026.5694729637235      -0.18355444462253484     
   2026.5722108145105      -0.18214230034756629     
   2026.5749486652976      -0.18073659499285746     
   2026.5776865160849      -0.17933730665900660     
   2026.5804243668720      -0.17794441335852201     
   2026.5831622176590      -0.17655789301908797     
   2026.5859000684461      -0.17517772348678390     
   2026.5886379192334      -0.17380388252925566     
   2026.5913757700205      -0.17243634783884076     
   2026.5941136208075      -0.17107509703564761     
   2026.5968514715946      -0.16972010767059220     
   2026.5995893223819      -0.16837135722838320     
   2026.6023271731690      -0.16702882313047229     
   2026.6050650239561      -0.16569248273794890     
   2026.6078028747434      -0.16436231335440318     
   2026.6105407255304      -0.16303829222873506     
   2026.6132785763175      -0.16172039655792794     
   2026.6160164271046      -0.16040860348977631     
   2026.6187542778919      -0.15910289012557308     
   2026.6214921286789      -0.15780323352275274     
   2026.6242299794660      -0.15650961069749794     
   2026.6269678302531      -0.15522199862730088     
   2026.6297056810404      -0.15394037425348592     
   2026.6324435318274      -0.15266471448369295     
   2026.6351813826145      -0.15139499619432184     
   2026.6379192334018      -0.15013119623293508     
   2026.6406570841889      -0.14887329142062408     
   2026.6433949349760      -0.14762125855433744     
   2026.6461327857630      -0.14637507440916819     
   2026.6488706365503      -0.14513471574060841     
   2026.6516084873374      -0.14390015928676370     
   2026.6543463381245      -0.14267138177052952     
   2026.6570841889115      -0.14144835990173629     
   2026.6598220396988      -0.14023107037925331     
   2026.6625598904859      -0.13901948989306076     
   2026.6652977412730      -0.13781359512628488     
   2026.6680355920603      -0.13661336275719987     
   2026.6707734428473      -0.13541876946119344     
   2026.6735112936344      -0.13422979191270074     
   2026.6762491444215      -0.13304640678710286     
   2026.6789869952088      -0.13186859076259422     
   2026.6817248459959      -0.13069632052201463     
   2026.6844626967829      -0.12952957275465091     
   2026.6872005475700      -0.12836832415800692     
   2026.6899383983573      -0.12721255143953966     
   2026.6926762491444      -0.12606223131836555     
   2026.6954140999314      -0.12491734052693734     
   2026.6981519507185      -0.12377785581268660     
   2026.7008898015058      -0.12264375393964010     
   2026.7036276522929      -0.12151501169000363     
   2026.7063655030800      -0.12039160586571811     
   2026.7091033538672      -0.11927351328998478     
   2026.7118412046543      -0.11816071080876402     
   2026.7145790554414      -0.11705317529224353     
   2026.7173169062285      -0.11595088363628020     
   2026.7200547570158      -0.11485381276381214     
   2026.7227926078028      -0.11376193962624628     
   2026.7255304585899      -0.11267524120481774     
   2026.7282683093770      -0.11159369451191999     
   2026.7310061601643      -0.11051727659241234     
   2026.7337440109513      -0.10944596452490044     
   2026.7364818617384      -0.10837973542298950     
   2026.7392197125255      -0.10731856643651451     
   2026.7419575633128      -0.10626243475274240     
   2026.7446954140999      -0.10521131759755328     
   2026.7474332648869      -0.10416519223659387     
   2026.7501711156742      -0.10312403597640972     
   2026.7529089664613      -0.10208782616554961     
   2026.7556468172484      -0.10105654019565295     
   2026.7583846680354      -0.10003015550250702     
   2026.7611225188227       -9.9008649567086132E-002
   2026.7638603696098       -9.7991999916565820E-002
   2026.7665982203969       -9.6980184125316754E-002
   2026.7693360711839       -9.5973179815874748E-002
   2026.7720739219712       -9.4970964659890356E-002
   2026.7748117727583       -9.3973516379057209E-002
   2026.7775496235454       -9.2980812746017327E-002
   2026.7802874743327       -9.1992831585249624E-002
   2026.7830253251198       -9.1009550773933121E-002
   2026.7857631759068       -9.0030948242793507E-002
   2026.7885010266939       -8.9057001976928785E-002
   2026.7912388774812       -8.8087690016614456E-002
   2026.7939767282683       -8.7122990458089647E-002
   2026.7967145790553       -8.6162881454325213E-002
   2026.7994524298424       -8.5207341215771920E-002
   2026.8021902806297       -8.4256348011089235E-002
   2026.8049281314168       -8.3309880167858785E-002
   2026.8076659822038       -8.2367916073276246E-002
   2026.8104038329911       -8.1430434174827038E-002
   2026.8131416837782       -8.0497412980945621E-002
   2026.8158795345653       -7.9568831061654938E-002
   2026.8186173853524       -7.8644667049191361E-002
   2026.8213552361397       -7.7724899638610068E-002
   2026.8240930869267       -7.6809507588376985E-002
   2026.8268309377138       -7.5898469720942593E-002
   2026.8295687885009       -7.4991764923299065E-002
   2026.8323066392882       -7.4089372147522897E-002
   2026.8350444900752       -7.3191270411301745E-002
   2026.8377823408623       -7.2297438798445801E-002
   2026.8405201916494       -7.1407856459381830E-002
   2026.8432580424367       -7.0522502611637533E-002
   2026.8459958932237       -6.9641356540305219E-002
   2026.8487337440108       -6.8764397598495508E-002
   2026.8514715947981       -6.7891605207773653E-002
